model,params,params_json,f1
MLP,"layers=(1024, 256)  act=ReLU  drop=0.4  lr=0.0001","{""layers"": ""(1024, 256)"", ""act"": ""ReLU"", ""drop"": 0.4, ""lr"": 0.0001}",0.9920085360518949
LogReg,C=0.01,"{""C"": 0.01}",0.9907014011538916
MLP,"layers=(1024, 256, 256)  act=GELU  drop=0.0  lr=0.0001","{""layers"": ""(1024, 256, 256)"", ""act"": ""GELU"", ""drop"": 0.0, ""lr"": 0.0001}",0.9906842081870306
MLP,"layers=(1024, 256, 256)  act=GELU  drop=0.2  lr=0.0001","{""layers"": ""(1024, 256, 256)"", ""act"": ""GELU"", ""drop"": 0.2, ""lr"": 0.0001}",0.9906842081870306
MLP,"layers=(512, 1024, 512)  act=ReLU  drop=0.4  lr=0.0001","{""layers"": ""(512, 1024, 512)"", ""act"": ""ReLU"", ""drop"": 0.4, ""lr"": 0.0001}",0.9906840327406365
MLP,"layers=(256,)  act=ReLU  drop=0.4  lr=0.0001","{""layers"": ""(256,)"", ""act"": ""ReLU"", ""drop"": 0.4, ""lr"": 0.0001}",0.9906840327406363
MLP,"layers=(1024, 256, 256)  act=ReLU  drop=0.2  lr=0.0001","{""layers"": ""(1024, 256, 256)"", ""act"": ""ReLU"", ""drop"": 0.2, ""lr"": 0.0001}",0.9906840327406363
MLP,"layers=(256, 256, 512)  act=ReLU  drop=0.2  lr=0.0001","{""layers"": ""(256, 256, 512)"", ""act"": ""ReLU"", ""drop"": 0.2, ""lr"": 0.0001}",0.9906840327406363
MLP,"layers=(1024,)  act=GELU  drop=0.2  lr=0.0001","{""layers"": ""(1024,)"", ""act"": ""GELU"", ""drop"": 0.2, ""lr"": 0.0001}",0.9906840327406363
LogReg,C=0.1,"{""C"": 0.1}",0.9906840327406363
MLP,"layers=(1024,)  act=GELU  drop=0.4  lr=0.0001","{""layers"": ""(1024,)"", ""act"": ""GELU"", ""drop"": 0.4, ""lr"": 0.0001}",0.9906840327406363
MLP,"layers=(256,)  act=GELU  drop=0.0  lr=0.0001","{""layers"": ""(256,)"", ""act"": ""GELU"", ""drop"": 0.0, ""lr"": 0.0001}",0.9906840327406363
MLP,"layers=(1024,)  act=ReLU  drop=0.4  lr=0.0001","{""layers"": ""(1024,)"", ""act"": ""ReLU"", ""drop"": 0.4, ""lr"": 0.0001}",0.9906840327406363
MLP,"layers=(256,)  act=ReLU  drop=0.0  lr=0.0001","{""layers"": ""(256,)"", ""act"": ""ReLU"", ""drop"": 0.0, ""lr"": 0.0001}",0.9906840327406363
MLP,"layers=(256,)  act=GELU  drop=0.4  lr=0.0001","{""layers"": ""(256,)"", ""act"": ""GELU"", ""drop"": 0.4, ""lr"": 0.0001}",0.9906840327406363
MLP,"layers=(256, 256, 512)  act=ReLU  drop=0.0  lr=0.0001","{""layers"": ""(256, 256, 512)"", ""act"": ""ReLU"", ""drop"": 0.0, ""lr"": 0.0001}",0.9906840327406363
MLP,"layers=(256, 512)  act=ReLU  drop=0.0  lr=0.0001","{""layers"": ""(256, 512)"", ""act"": ""ReLU"", ""drop"": 0.0, ""lr"": 0.0001}",0.9906840327406363
MLP,"layers=(256,)  act=GELU  drop=0.2  lr=0.0001","{""layers"": ""(256,)"", ""act"": ""GELU"", ""drop"": 0.2, ""lr"": 0.0001}",0.9906840327406363
MLP,"layers=(256, 256, 512)  act=GELU  drop=0.2  lr=0.0001","{""layers"": ""(256, 256, 512)"", ""act"": ""GELU"", ""drop"": 0.2, ""lr"": 0.0001}",0.9906840327406363
MLP,"layers=(256,)  act=ReLU  drop=0.2  lr=0.0001","{""layers"": ""(256,)"", ""act"": ""ReLU"", ""drop"": 0.2, ""lr"": 0.0001}",0.9906840327406363
SVM,C=1  gamma=scale  kernel=sigmoid,"{""C"": 1, ""gamma"": ""scale"", ""kernel"": ""sigmoid""}",0.9906839734787433
MLP,"layers=(512, 512, 1024)  act=ReLU  drop=0.2  lr=0.01","{""layers"": ""(512, 512, 1024)"", ""act"": ""ReLU"", ""drop"": 0.2, ""lr"": 0.01}",0.9906839734787433
MLP,"layers=(1024, 256)  act=GELU  drop=0.4  lr=0.0001","{""layers"": ""(1024, 256)"", ""act"": ""GELU"", ""drop"": 0.4, ""lr"": 0.0001}",0.9906753781649555
MLP,"layers=(1024, 256)  act=ReLU  drop=0.0  lr=0.0001","{""layers"": ""(1024, 256)"", ""act"": ""ReLU"", ""drop"": 0.0, ""lr"": 0.0001}",0.9906753781649555
MLP,"layers=(1024, 256)  act=ReLU  drop=0.2  lr=0.0001","{""layers"": ""(1024, 256)"", ""act"": ""ReLU"", ""drop"": 0.2, ""lr"": 0.0001}",0.9906753781649555
MLP,"layers=(1024, 256)  act=GELU  drop=0.2  lr=0.0001","{""layers"": ""(1024, 256)"", ""act"": ""GELU"", ""drop"": 0.2, ""lr"": 0.0001}",0.9906753781649555
MLP,"layers=(1024, 1024, 512)  act=ReLU  drop=0.4  lr=0.0001","{""layers"": ""(1024, 1024, 512)"", ""act"": ""ReLU"", ""drop"": 0.4, ""lr"": 0.0001}",0.9906753781649555
MLP,"layers=(1024, 256)  act=GELU  drop=0.0  lr=0.0001","{""layers"": ""(1024, 256)"", ""act"": ""GELU"", ""drop"": 0.0, ""lr"": 0.0001}",0.9906753781649555
MLP,"layers=(1024, 512)  act=ReLU  drop=0.4  lr=0.01","{""layers"": ""(1024, 512)"", ""act"": ""ReLU"", ""drop"": 0.4, ""lr"": 0.01}",0.9906750794529807
MLP,"layers=(512, 256, 256)  act=ReLU  drop=0.2  lr=0.0001","{""layers"": ""(512, 256, 256)"", ""act"": ""ReLU"", ""drop"": 0.2, ""lr"": 0.0001}",0.9906750249328821
MLP,"layers=(512, 256, 256)  act=GELU  drop=0.2  lr=0.0001","{""layers"": ""(512, 256, 256)"", ""act"": ""GELU"", ""drop"": 0.2, ""lr"": 0.0001}",0.9906750249328821
MLP,"layers=(512, 256, 512)  act=ReLU  drop=0.2  lr=0.0001","{""layers"": ""(512, 256, 512)"", ""act"": ""ReLU"", ""drop"": 0.2, ""lr"": 0.0001}",0.9906750249328821
MLP,"layers=(512, 256, 512)  act=ReLU  drop=0.0  lr=0.0001","{""layers"": ""(512, 256, 512)"", ""act"": ""ReLU"", ""drop"": 0.0, ""lr"": 0.0001}",0.9906750249328821
MLP,"layers=(512, 1024, 512)  act=GELU  drop=0.4  lr=0.01","{""layers"": ""(512, 1024, 512)"", ""act"": ""GELU"", ""drop"": 0.4, ""lr"": 0.01}",0.9906750249328821
MLP,"layers=(256, 512)  act=GELU  drop=0.2  lr=0.0001","{""layers"": ""(256, 512)"", ""act"": ""GELU"", ""drop"": 0.2, ""lr"": 0.0001}",0.9906750249328821
MLP,"layers=(512, 256)  act=GELU  drop=0.4  lr=0.0001","{""layers"": ""(512, 256)"", ""act"": ""GELU"", ""drop"": 0.4, ""lr"": 0.0001}",0.9906750249328821
MLP,"layers=(256, 512)  act=ReLU  drop=0.2  lr=0.0001","{""layers"": ""(256, 512)"", ""act"": ""ReLU"", ""drop"": 0.2, ""lr"": 0.0001}",0.9906750249328821
MLP,"layers=(512, 256)  act=GELU  drop=0.2  lr=0.0001","{""layers"": ""(512, 256)"", ""act"": ""GELU"", ""drop"": 0.2, ""lr"": 0.0001}",0.9906750249328821
MLP,"layers=(512, 256)  act=ReLU  drop=0.4  lr=0.0001","{""layers"": ""(512, 256)"", ""act"": ""ReLU"", ""drop"": 0.4, ""lr"": 0.0001}",0.9906750249328821
MLP,"layers=(1024,)  act=ReLU  drop=0.2  lr=0.01","{""layers"": ""(1024,)"", ""act"": ""ReLU"", ""drop"": 0.2, ""lr"": 0.01}",0.9906744891101108
MLP,"layers=(256,)  act=ReLU  drop=0.2  lr=0.01","{""layers"": ""(256,)"", ""act"": ""ReLU"", ""drop"": 0.2, ""lr"": 0.01}",0.9906744298482177
MLP,"layers=(256, 512)  act=ReLU  drop=0.4  lr=0.01","{""layers"": ""(256, 512)"", ""act"": ""ReLU"", ""drop"": 0.4, ""lr"": 0.01}",0.9906658392762244
SVM,C=1  gamma=scale  kernel=rbf,"{""C"": 1, ""gamma"": ""scale"", ""kernel"": ""rbf""}",0.9893938653054535
LogReg,C=0.001,"{""C"": 0.001}",0.9893849167595921
MLP,"layers=(512, 512, 256)  act=GELU  drop=0.4  lr=0.01","{""layers"": ""(512, 512, 256)"", ""act"": ""GELU"", ""drop"": 0.4, ""lr"": 0.01}",0.9893768385807401
MLP,"layers=(512, 512)  act=GELU  drop=0.0  lr=0.0001","{""layers"": ""(512, 512)"", ""act"": ""GELU"", ""drop"": 0.0, ""lr"": 0.0001}",0.9893683001895601
LogReg,C=1,"{""C"": 1}",0.9893683001895601
MLP,"layers=(512, 512)  act=GELU  drop=0.4  lr=0.0001","{""layers"": ""(512, 512)"", ""act"": ""GELU"", ""drop"": 0.4, ""lr"": 0.0001}",0.9893683001895601
MLP,"layers=(512, 512)  act=ReLU  drop=0.4  lr=0.0001","{""layers"": ""(512, 512)"", ""act"": ""ReLU"", ""drop"": 0.4, ""lr"": 0.0001}",0.9893683001895601
MLP,"layers=(512, 512)  act=ReLU  drop=0.0  lr=0.0001","{""layers"": ""(512, 512)"", ""act"": ""ReLU"", ""drop"": 0.0, ""lr"": 0.0001}",0.9893683001895601
MLP,"layers=(512, 512)  act=GELU  drop=0.2  lr=0.0001","{""layers"": ""(512, 512)"", ""act"": ""GELU"", ""drop"": 0.2, ""lr"": 0.0001}",0.9893683001895601
MLP,"layers=(512, 512)  act=ReLU  drop=0.2  lr=0.0001","{""layers"": ""(512, 512)"", ""act"": ""ReLU"", ""drop"": 0.2, ""lr"": 0.0001}",0.9893683001895601
MLP,"layers=(1024, 512, 256)  act=ReLU  drop=0.0  lr=0.0001","{""layers"": ""(1024, 512, 256)"", ""act"": ""ReLU"", ""drop"": 0.0, ""lr"": 0.0001}",0.9893682432669524
MLP,"layers=(256, 256, 1024)  act=ReLU  drop=0.0  lr=0.0001","{""layers"": ""(256, 256, 1024)"", ""act"": ""ReLU"", ""drop"": 0.0, ""lr"": 0.0001}",0.9893677691085835
MLP,"layers=(1024,)  act=ReLU  drop=0.0  lr=0.0001","{""layers"": ""(1024,)"", ""act"": ""ReLU"", ""drop"": 0.0, ""lr"": 0.0001}",0.9893595294293782
MLP,"layers=(1024,)  act=GELU  drop=0.0  lr=0.0001","{""layers"": ""(1024,)"", ""act"": ""GELU"", ""drop"": 0.0, ""lr"": 0.0001}",0.9893595294293782
MLP,"layers=(1024,)  act=ReLU  drop=0.2  lr=0.0001","{""layers"": ""(1024,)"", ""act"": ""ReLU"", ""drop"": 0.2, ""lr"": 0.0001}",0.9893595294293782
SVM,C=0.1  kernel=linear,"{""C"": 0.1, ""kernel"": ""linear""}",0.9893589390865082
SVM,C=0.01  kernel=linear,"{""C"": 0.01, ""kernel"": ""linear""}",0.9893589390865082
SVM,C=1  kernel=linear,"{""C"": 1, ""kernel"": ""linear""}",0.9893589390865082
SVM,C=100  kernel=linear,"{""C"": 100, ""kernel"": ""linear""}",0.9893589390865082
SVM,C=10  kernel=linear,"{""C"": 10, ""kernel"": ""linear""}",0.9893589390865082
SVM,C=10  gamma=scale  kernel=sigmoid,"{""C"": 10, ""gamma"": ""scale"", ""kernel"": ""sigmoid""}",0.9893589390865082
SVM,C=0.001  kernel=linear,"{""C"": 0.001, ""kernel"": ""linear""}",0.9893589390865082
MLP,"layers=(1024, 1024, 1024)  act=GELU  drop=0.4  lr=0.01","{""layers"": ""(1024, 1024, 1024)"", ""act"": ""GELU"", ""drop"": 0.4, ""lr"": 0.01}",0.9893588205627221
MLP,"layers=(512, 1024, 512)  act=ReLU  drop=0.2  lr=0.0001","{""layers"": ""(512, 1024, 512)"", ""act"": ""ReLU"", ""drop"": 0.2, ""lr"": 0.0001}",0.9893508748536972
MLP,"layers=(512, 1024, 512)  act=ReLU  drop=0.0  lr=0.0001","{""layers"": ""(512, 1024, 512)"", ""act"": ""ReLU"", ""drop"": 0.0, ""lr"": 0.0001}",0.9893508748536972
MLP,"layers=(256, 512)  act=GELU  drop=0.0  lr=0.0001","{""layers"": ""(256, 512)"", ""act"": ""GELU"", ""drop"": 0.0, ""lr"": 0.0001}",0.9893508748536971
MLP,"layers=(256, 256, 512)  act=GELU  drop=0.0  lr=0.0001","{""layers"": ""(256, 256, 512)"", ""act"": ""GELU"", ""drop"": 0.0, ""lr"": 0.0001}",0.9893508748536971
MLP,"layers=(1024, 256, 256)  act=ReLU  drop=0.0  lr=0.0001","{""layers"": ""(1024, 256, 256)"", ""act"": ""ReLU"", ""drop"": 0.0, ""lr"": 0.0001}",0.9893508748536971
MLP,"layers=(1024, 256, 256)  act=GELU  drop=0.4  lr=0.0001","{""layers"": ""(1024, 256, 256)"", ""act"": ""GELU"", ""drop"": 0.4, ""lr"": 0.0001}",0.9893508748536971
MLP,"layers=(512, 1024, 512)  act=GELU  drop=0.4  lr=0.0001","{""layers"": ""(512, 1024, 512)"", ""act"": ""GELU"", ""drop"": 0.4, ""lr"": 0.0001}",0.989350815591804
MLP,"layers=(1024, 512)  act=ReLU  drop=0.2  lr=0.0001","{""layers"": ""(1024, 512)"", ""act"": ""ReLU"", ""drop"": 0.2, ""lr"": 0.0001}",0.9893506401454099
MLP,"layers=(256, 1024)  act=ReLU  drop=0.4  lr=0.01","{""layers"": ""(256, 1024)"", ""act"": ""ReLU"", ""drop"": 0.4, ""lr"": 0.01}",0.9893506401454099
SVM,C=1  gamma=auto  kernel=sigmoid,"{""C"": 1, ""gamma"": ""auto"", ""kernel"": ""sigmoid""}",0.9893506401454099
MLP,"layers=(1024, 512)  act=ReLU  drop=0.0  lr=0.0001","{""layers"": ""(1024, 512)"", ""act"": ""ReLU"", ""drop"": 0.0, ""lr"": 0.0001}",0.9893506401454099
MLP,"layers=(1024, 512)  act=ReLU  drop=0.4  lr=0.0001","{""layers"": ""(1024, 512)"", ""act"": ""ReLU"", ""drop"": 0.4, ""lr"": 0.0001}",0.9893506401454099
MLP,"layers=(256, 256, 512)  act=GELU  drop=0.4  lr=0.01","{""layers"": ""(256, 256, 512)"", ""act"": ""GELU"", ""drop"": 0.4, ""lr"": 0.01}",0.9893504006953283
MLP,"layers=(256, 256, 1024)  act=ReLU  drop=0.4  lr=0.0001","{""layers"": ""(256, 256, 1024)"", ""act"": ""ReLU"", ""drop"": 0.4, ""lr"": 0.0001}",0.9893504006953282
MLP,"layers=(1024, 1024, 1024)  act=ReLU  drop=0.4  lr=0.01","{""layers"": ""(1024, 1024, 1024)"", ""act"": ""ReLU"", ""drop"": 0.4, ""lr"": 0.01}",0.9893503461752294
MLP,"layers=(256, 1024)  act=GELU  drop=0.4  lr=0.01","{""layers"": ""(256, 1024)"", ""act"": ""GELU"", ""drop"": 0.4, ""lr"": 0.01}",0.9893498244228813
MLP,"layers=(1024, 1024)  act=ReLU  drop=0.2  lr=0.0001","{""layers"": ""(1024, 1024)"", ""act"": ""ReLU"", ""drop"": 0.2, ""lr"": 0.0001}",0.9893418670459427
MLP,"layers=(1024, 1024)  act=GELU  drop=0.0  lr=0.0001","{""layers"": ""(1024, 1024)"", ""act"": ""GELU"", ""drop"": 0.0, ""lr"": 0.0001}",0.9893418670459427
MLP,"layers=(512, 256, 256)  act=GELU  drop=0.0  lr=0.0001","{""layers"": ""(512, 256, 256)"", ""act"": ""GELU"", ""drop"": 0.0, ""lr"": 0.0001}",0.9893418670459427
MLP,"layers=(512, 256, 256)  act=ReLU  drop=0.0  lr=0.0001","{""layers"": ""(512, 256, 256)"", ""act"": ""ReLU"", ""drop"": 0.0, ""lr"": 0.0001}",0.9893418670459427
MLP,"layers=(512, 256, 512)  act=GELU  drop=0.0  lr=0.0001","{""layers"": ""(512, 256, 512)"", ""act"": ""GELU"", ""drop"": 0.0, ""lr"": 0.0001}",0.9893418670459427
MLP,"layers=(1024, 512, 256)  act=GELU  drop=0.4  lr=0.0001","{""layers"": ""(1024, 512, 256)"", ""act"": ""GELU"", ""drop"": 0.4, ""lr"": 0.0001}",0.9893418670459427
MLP,"layers=(512, 512, 1024)  act=ReLU  drop=0.0  lr=0.0001","{""layers"": ""(512, 512, 1024)"", ""act"": ""ReLU"", ""drop"": 0.0, ""lr"": 0.0001}",0.9893418670459427
MLP,"layers=(512, 512, 1024)  act=GELU  drop=0.2  lr=0.0001","{""layers"": ""(512, 512, 1024)"", ""act"": ""GELU"", ""drop"": 0.2, ""lr"": 0.0001}",0.9893418670459427
MLP,"layers=(512, 512, 1024)  act=ReLU  drop=0.2  lr=0.0001","{""layers"": ""(512, 512, 1024)"", ""act"": ""ReLU"", ""drop"": 0.2, ""lr"": 0.0001}",0.9893418670459427
MLP,"layers=(1024, 1024)  act=ReLU  drop=0.4  lr=0.0001","{""layers"": ""(1024, 1024)"", ""act"": ""ReLU"", ""drop"": 0.4, ""lr"": 0.0001}",0.9893418670459427
MLP,"layers=(1024, 256, 1024)  act=GELU  drop=0.2  lr=0.0001","{""layers"": ""(1024, 256, 1024)"", ""act"": ""GELU"", ""drop"": 0.2, ""lr"": 0.0001}",0.9893418670459427
MLP,"layers=(1024, 1024)  act=GELU  drop=0.2  lr=0.0001","{""layers"": ""(1024, 1024)"", ""act"": ""GELU"", ""drop"": 0.2, ""lr"": 0.0001}",0.9893418670459427
MLP,"layers=(1024, 1024)  act=GELU  drop=0.4  lr=0.0001","{""layers"": ""(1024, 1024)"", ""act"": ""GELU"", ""drop"": 0.4, ""lr"": 0.0001}",0.9893418670459427
MLP,"layers=(1024, 1024)  act=ReLU  drop=0.0  lr=0.0001","{""layers"": ""(1024, 1024)"", ""act"": ""ReLU"", ""drop"": 0.0, ""lr"": 0.0001}",0.9893418670459427
MLP,"layers=(1024, 512, 256)  act=GELU  drop=0.2  lr=0.0001","{""layers"": ""(1024, 512, 256)"", ""act"": ""GELU"", ""drop"": 0.2, ""lr"": 0.0001}",0.9893418670459427
MLP,"layers=(1024, 256, 512)  act=GELU  drop=0.2  lr=0.0001","{""layers"": ""(1024, 256, 512)"", ""act"": ""GELU"", ""drop"": 0.2, ""lr"": 0.0001}",0.9893417461196474
MLP,"layers=(1024, 256, 512)  act=GELU  drop=0.0  lr=0.0001","{""layers"": ""(1024, 256, 512)"", ""act"": ""GELU"", ""drop"": 0.0, ""lr"": 0.0001}",0.9893417461196474
MLP,"layers=(512, 1024, 256)  act=ReLU  drop=0.0  lr=0.0001","{""layers"": ""(512, 1024, 256)"", ""act"": ""ReLU"", ""drop"": 0.0, ""lr"": 0.0001}",0.9893417461196474
MLP,"layers=(1024, 1024, 512)  act=ReLU  drop=0.2  lr=0.0001","{""layers"": ""(1024, 1024, 512)"", ""act"": ""ReLU"", ""drop"": 0.2, ""lr"": 0.0001}",0.9893417461196474
MLP,"layers=(1024, 1024, 512)  act=ReLU  drop=0.0  lr=0.0001","{""layers"": ""(1024, 1024, 512)"", ""act"": ""ReLU"", ""drop"": 0.0, ""lr"": 0.0001}",0.9893417461196474
MLP,"layers=(1024, 256, 512)  act=ReLU  drop=0.2  lr=0.0001","{""layers"": ""(1024, 256, 512)"", ""act"": ""ReLU"", ""drop"": 0.2, ""lr"": 0.0001}",0.9893417461196474
MLP,"layers=(1024, 256, 512)  act=ReLU  drop=0.0  lr=0.0001","{""layers"": ""(1024, 256, 512)"", ""act"": ""ReLU"", ""drop"": 0.0, ""lr"": 0.0001}",0.9893417461196474
MLP,"layers=(1024, 512, 256)  act=GELU  drop=0.4  lr=0.01","{""layers"": ""(1024, 512, 256)"", ""act"": ""GELU"", ""drop"": 0.4, ""lr"": 0.01}",0.9893416915995489
MLP,"layers=(512, 256)  act=ReLU  drop=0.0  lr=0.0001","{""layers"": ""(512, 256)"", ""act"": ""ReLU"", ""drop"": 0.0, ""lr"": 0.0001}",0.9893416915995487
MLP,"layers=(512, 256)  act=GELU  drop=0.0  lr=0.0001","{""layers"": ""(512, 256)"", ""act"": ""GELU"", ""drop"": 0.0, ""lr"": 0.0001}",0.9893416915995487
MLP,"layers=(512, 256)  act=ReLU  drop=0.2  lr=0.0001","{""layers"": ""(512, 256)"", ""act"": ""ReLU"", ""drop"": 0.2, ""lr"": 0.0001}",0.9893416915995487
MLP,"layers=(512, 256, 512)  act=ReLU  drop=0.4  lr=0.0001","{""layers"": ""(512, 256, 512)"", ""act"": ""ReLU"", ""drop"": 0.4, ""lr"": 0.0001}",0.9893413928875738
MLP,"layers=(512, 512, 256)  act=ReLU  drop=0.2  lr=0.0001","{""layers"": ""(512, 512, 256)"", ""act"": ""ReLU"", ""drop"": 0.2, ""lr"": 0.0001}",0.9893413928875738
MLP,"layers=(512, 512, 256)  act=ReLU  drop=0.4  lr=0.0001","{""layers"": ""(512, 512, 256)"", ""act"": ""ReLU"", ""drop"": 0.4, ""lr"": 0.0001}",0.9893413928875738
MLP,"layers=(256, 256, 256)  act=ReLU  drop=0.4  lr=0.0001","{""layers"": ""(256, 256, 256)"", ""act"": ""ReLU"", ""drop"": 0.4, ""lr"": 0.0001}",0.9893413928875738
MLP,"layers=(256, 512, 512)  act=ReLU  drop=0.4  lr=0.0001","{""layers"": ""(256, 512, 512)"", ""act"": ""ReLU"", ""drop"": 0.4, ""lr"": 0.0001}",0.9893413928875738
MLP,"layers=(256, 512, 512)  act=ReLU  drop=0.2  lr=0.0001","{""layers"": ""(256, 512, 512)"", ""act"": ""ReLU"", ""drop"": 0.2, ""lr"": 0.0001}",0.9893413928875738
MLP,"layers=(256, 512, 256)  act=ReLU  drop=0.2  lr=0.0001","{""layers"": ""(256, 512, 256)"", ""act"": ""ReLU"", ""drop"": 0.2, ""lr"": 0.0001}",0.9893413928875738
MLP,"layers=(512, 512, 256)  act=GELU  drop=0.4  lr=0.0001","{""layers"": ""(512, 512, 256)"", ""act"": ""GELU"", ""drop"": 0.4, ""lr"": 0.0001}",0.9893413928875738
MLP,"layers=(256, 1024, 256)  act=ReLU  drop=0.4  lr=0.0001","{""layers"": ""(256, 1024, 256)"", ""act"": ""ReLU"", ""drop"": 0.4, ""lr"": 0.0001}",0.9893413928875738
MLP,"layers=(512, 512, 256)  act=GELU  drop=0.2  lr=0.0001","{""layers"": ""(512, 512, 256)"", ""act"": ""GELU"", ""drop"": 0.2, ""lr"": 0.0001}",0.9893413928875738
MLP,"layers=(512, 256, 256)  act=ReLU  drop=0.4  lr=0.0001","{""layers"": ""(512, 256, 256)"", ""act"": ""ReLU"", ""drop"": 0.4, ""lr"": 0.0001}",0.9893413928875738
MLP,"layers=(256, 1024, 1024)  act=ReLU  drop=0.4  lr=0.0001","{""layers"": ""(256, 1024, 1024)"", ""act"": ""ReLU"", ""drop"": 0.4, ""lr"": 0.0001}",0.9893413928875738
MLP,"layers=(256, 256, 256)  act=GELU  drop=0.2  lr=0.0001","{""layers"": ""(256, 256, 256)"", ""act"": ""GELU"", ""drop"": 0.2, ""lr"": 0.0001}",0.9893413928875738
MLP,"layers=(256, 512, 512)  act=GELU  drop=0.4  lr=0.0001","{""layers"": ""(256, 512, 512)"", ""act"": ""GELU"", ""drop"": 0.4, ""lr"": 0.0001}",0.9893413928875738
MLP,"layers=(256, 512, 512)  act=GELU  drop=0.2  lr=0.0001","{""layers"": ""(256, 512, 512)"", ""act"": ""GELU"", ""drop"": 0.2, ""lr"": 0.0001}",0.9893413928875738
MLP,"layers=(512, 256, 256)  act=GELU  drop=0.4  lr=0.0001","{""layers"": ""(512, 256, 256)"", ""act"": ""GELU"", ""drop"": 0.4, ""lr"": 0.0001}",0.9893413928875738
MLP,"layers=(512, 512, 256)  act=ReLU  drop=0.0  lr=0.0001","{""layers"": ""(512, 512, 256)"", ""act"": ""ReLU"", ""drop"": 0.0, ""lr"": 0.0001}",0.9893413928875738
MLP,"layers=(256, 1024, 256)  act=GELU  drop=0.4  lr=0.0001","{""layers"": ""(256, 1024, 256)"", ""act"": ""GELU"", ""drop"": 0.4, ""lr"": 0.0001}",0.9893413928875738
MLP,"layers=(256, 512, 1024)  act=ReLU  drop=0.4  lr=0.0001","{""layers"": ""(256, 512, 1024)"", ""act"": ""ReLU"", ""drop"": 0.4, ""lr"": 0.0001}",0.9893413928875738
MLP,"layers=(256, 512, 1024)  act=ReLU  drop=0.2  lr=0.0001","{""layers"": ""(256, 512, 1024)"", ""act"": ""ReLU"", ""drop"": 0.2, ""lr"": 0.0001}",0.9893413928875738
MLP,"layers=(256, 256, 512)  act=ReLU  drop=0.4  lr=0.0001","{""layers"": ""(256, 256, 512)"", ""act"": ""ReLU"", ""drop"": 0.4, ""lr"": 0.0001}",0.9893413928875738
MLP,"layers=(256, 256, 1024)  act=GELU  drop=0.4  lr=0.0001","{""layers"": ""(256, 256, 1024)"", ""act"": ""GELU"", ""drop"": 0.4, ""lr"": 0.0001}",0.9893413928875738
MLP,"layers=(512, 1024, 256)  act=ReLU  drop=0.4  lr=0.0001","{""layers"": ""(512, 1024, 256)"", ""act"": ""ReLU"", ""drop"": 0.4, ""lr"": 0.0001}",0.9893413928875738
MLP,"layers=(256, 512, 512)  act=ReLU  drop=0.0  lr=0.0001","{""layers"": ""(256, 512, 512)"", ""act"": ""ReLU"", ""drop"": 0.0, ""lr"": 0.0001}",0.9893413928875738
MLP,"layers=(256, 256, 256)  act=ReLU  drop=0.2  lr=0.0001","{""layers"": ""(256, 256, 256)"", ""act"": ""ReLU"", ""drop"": 0.2, ""lr"": 0.0001}",0.9893413928875738
MLP,"layers=(256, 512)  act=ReLU  drop=0.4  lr=0.0001","{""layers"": ""(256, 512)"", ""act"": ""ReLU"", ""drop"": 0.4, ""lr"": 0.0001}",0.9893413928875738
MLP,"layers=(256, 256, 256)  act=GELU  drop=0.4  lr=0.0001","{""layers"": ""(256, 256, 256)"", ""act"": ""GELU"", ""drop"": 0.4, ""lr"": 0.0001}",0.9893413928875738
MLP,"layers=(1024, 512, 256)  act=ReLU  drop=0.4  lr=0.0001","{""layers"": ""(1024, 512, 256)"", ""act"": ""ReLU"", ""drop"": 0.4, ""lr"": 0.0001}",0.9893413928875738
MLP,"layers=(512, 1024)  act=GELU  drop=0.2  lr=0.01","{""layers"": ""(512, 1024)"", ""act"": ""GELU"", ""drop"": 0.2, ""lr"": 0.01}",0.9893409896590117
MLP,"layers=(256, 512, 512)  act=GELU  drop=0.2  lr=0.01","{""layers"": ""(256, 512, 512)"", ""act"": ""GELU"", ""drop"": 0.2, ""lr"": 0.01}",0.9893320173978534
MLP,"layers=(512, 1024, 1024)  act=ReLU  drop=0.2  lr=0.01","{""layers"": ""(512, 1024, 1024)"", ""act"": ""ReLU"", ""drop"": 0.2, ""lr"": 0.01}",0.9893235526552351
MLP,"layers=(256, 256, 1024)  act=GELU  drop=0.4  lr=0.01","{""layers"": ""(256, 256, 1024)"", ""act"": ""GELU"", ""drop"": 0.4, ""lr"": 0.01}",0.9893235526552351
SVM,C=100  gamma=scale  kernel=rbf,"{""C"": 100, ""gamma"": ""scale"", ""kernel"": ""rbf""}",0.9880855248538046
SVM,C=10  gamma=scale  kernel=rbf,"{""C"": 10, ""gamma"": ""scale"", ""kernel"": ""rbf""}",0.9880855248538046
MLP,"layers=(512, 512, 512)  act=GELU  drop=0.0  lr=0.01","{""layers"": ""(512, 512, 512)"", ""act"": ""GELU"", ""drop"": 0.0, ""lr"": 0.01}",0.9880423337659134
MLP,"layers=(512,)  act=ReLU  drop=0.2  lr=0.0001","{""layers"": ""(512,)"", ""act"": ""ReLU"", ""drop"": 0.2, ""lr"": 0.0001}",0.9880261368341516
MLP,"layers=(512,)  act=ReLU  drop=0.0  lr=0.0001","{""layers"": ""(512,)"", ""act"": ""ReLU"", ""drop"": 0.0, ""lr"": 0.0001}",0.9880261368341516
MLP,"layers=(512,)  act=GELU  drop=0.4  lr=0.0001","{""layers"": ""(512,)"", ""act"": ""GELU"", ""drop"": 0.4, ""lr"": 0.0001}",0.9880261368341516
MLP,"layers=(512,)  act=ReLU  drop=0.4  lr=0.0001","{""layers"": ""(512,)"", ""act"": ""ReLU"", ""drop"": 0.4, ""lr"": 0.0001}",0.9880261368341516
MLP,"layers=(512,)  act=GELU  drop=0.2  lr=0.0001","{""layers"": ""(512,)"", ""act"": ""GELU"", ""drop"": 0.2, ""lr"": 0.0001}",0.9880261368341516
LogReg,C=100,"{""C"": 100}",0.9880258973840699
LogReg,C=10,"{""C"": 10}",0.9880258973840699
MLP,"layers=(1024, 256)  act=GELU  drop=0.2  lr=0.01","{""layers"": ""(1024, 256)"", ""act"": ""GELU"", ""drop"": 0.2, ""lr"": 0.01}",0.9880256650150682
MLP,"layers=(512, 512, 256)  act=ReLU  drop=0.2  lr=0.01","{""layers"": ""(512, 512, 256)"", ""act"": ""ReLU"", ""drop"": 0.2, ""lr"": 0.01}",0.988025494155508
MLP,"layers=(512, 1024, 1024)  act=ReLU  drop=0.4  lr=0.01","{""layers"": ""(512, 1024, 1024)"", ""act"": ""ReLU"", ""drop"": 0.4, ""lr"": 0.01}",0.9880254348936147
MLP,"layers=(256, 512, 256)  act=ReLU  drop=0.4  lr=0.0001","{""layers"": ""(256, 512, 256)"", ""act"": ""ReLU"", ""drop"": 0.4, ""lr"": 0.0001}",0.9880252571079353
MLP,"layers=(256, 512, 256)  act=GELU  drop=0.4  lr=0.0001","{""layers"": ""(256, 512, 256)"", ""act"": ""GELU"", ""drop"": 0.4, ""lr"": 0.0001}",0.9880252571079353
MLP,"layers=(256, 256, 256)  act=GELU  drop=0.0  lr=0.01","{""layers"": ""(256, 256, 256)"", ""act"": ""GELU"", ""drop"": 0.0, ""lr"": 0.01}",0.9880235562340417
MLP,"layers=(1024, 256, 1024)  act=ReLU  drop=0.0  lr=0.0001","{""layers"": ""(1024, 256, 1024)"", ""act"": ""ReLU"", ""drop"": 0.0, ""lr"": 0.0001}",0.9880174822584707
MLP,"layers=(1024, 512, 256)  act=ReLU  drop=0.2  lr=0.0001","{""layers"": ""(1024, 512, 256)"", ""act"": ""ReLU"", ""drop"": 0.2, ""lr"": 0.0001}",0.9880174822584707
MLP,"layers=(1024, 512)  act=GELU  drop=0.4  lr=0.0001","{""layers"": ""(1024, 512)"", ""act"": ""GELU"", ""drop"": 0.4, ""lr"": 0.0001}",0.9880174822584707
MLP,"layers=(1024, 256, 1024)  act=ReLU  drop=0.2  lr=0.0001","{""layers"": ""(1024, 256, 1024)"", ""act"": ""ReLU"", ""drop"": 0.2, ""lr"": 0.0001}",0.9880174822584707
MLP,"layers=(1024, 512)  act=GELU  drop=0.0  lr=0.0001","{""layers"": ""(1024, 512)"", ""act"": ""GELU"", ""drop"": 0.0, ""lr"": 0.0001}",0.9880174822584707
MLP,"layers=(1024, 512)  act=GELU  drop=0.2  lr=0.0001","{""layers"": ""(1024, 512)"", ""act"": ""GELU"", ""drop"": 0.2, ""lr"": 0.0001}",0.9880174822584707
MLP,"layers=(1024, 256, 1024)  act=GELU  drop=0.4  lr=0.0001","{""layers"": ""(1024, 256, 1024)"", ""act"": ""GELU"", ""drop"": 0.4, ""lr"": 0.0001}",0.9880174822584707
MLP,"layers=(1024, 1024, 256)  act=ReLU  drop=0.0  lr=0.0001","{""layers"": ""(1024, 1024, 256)"", ""act"": ""ReLU"", ""drop"": 0.0, ""lr"": 0.0001}",0.9880174822584707
MLP,"layers=(1024, 1024, 256)  act=ReLU  drop=0.2  lr=0.0001","{""layers"": ""(1024, 1024, 256)"", ""act"": ""ReLU"", ""drop"": 0.2, ""lr"": 0.0001}",0.9880174822584707
MLP,"layers=(256, 512, 256)  act=ReLU  drop=0.0  lr=0.0001","{""layers"": ""(256, 512, 256)"", ""act"": ""ReLU"", ""drop"": 0.0, ""lr"": 0.0001}",0.9880174822584707
MLP,"layers=(256, 1024)  act=ReLU  drop=0.0  lr=0.0001","{""layers"": ""(256, 1024)"", ""act"": ""ReLU"", ""drop"": 0.0, ""lr"": 0.0001}",0.9880173044727913
MLP,"layers=(256, 1024)  act=GELU  drop=0.0  lr=0.0001","{""layers"": ""(256, 1024)"", ""act"": ""GELU"", ""drop"": 0.0, ""lr"": 0.0001}",0.9880173044727913
MLP,"layers=(256, 256, 1024)  act=GELU  drop=0.0  lr=0.0001","{""layers"": ""(256, 256, 1024)"", ""act"": ""GELU"", ""drop"": 0.0, ""lr"": 0.0001}",0.9880172428083891
MLP,"layers=(512, 1024, 512)  act=GELU  drop=0.0  lr=0.0001","{""layers"": ""(512, 1024, 512)"", ""act"": ""GELU"", ""drop"": 0.0, ""lr"": 0.0001}",0.9880172428083891
MLP,"layers=(256, 256, 1024)  act=GELU  drop=0.2  lr=0.0001","{""layers"": ""(256, 256, 1024)"", ""act"": ""GELU"", ""drop"": 0.2, ""lr"": 0.0001}",0.9880172428083891
MLP,"layers=(1024, 256, 256)  act=ReLU  drop=0.4  lr=0.0001","{""layers"": ""(1024, 256, 256)"", ""act"": ""ReLU"", ""drop"": 0.4, ""lr"": 0.0001}",0.9880172428083891
MLP,"layers=(512, 1024, 512)  act=GELU  drop=0.2  lr=0.0001","{""layers"": ""(512, 1024, 512)"", ""act"": ""GELU"", ""drop"": 0.2, ""lr"": 0.0001}",0.9880171835464959
MLP,"layers=(1024, 1024, 1024)  act=ReLU  drop=0.2  lr=0.0001","{""layers"": ""(1024, 1024, 1024)"", ""act"": ""ReLU"", ""drop"": 0.2, ""lr"": 0.0001}",0.9880171835464959
MLP,"layers=(1024, 1024, 1024)  act=ReLU  drop=0.0  lr=0.0001","{""layers"": ""(1024, 1024, 1024)"", ""act"": ""ReLU"", ""drop"": 0.0, ""lr"": 0.0001}",0.9880171835464959
MLP,"layers=(256, 1024, 512)  act=ReLU  drop=0.4  lr=0.0001","{""layers"": ""(256, 1024, 512)"", ""act"": ""ReLU"", ""drop"": 0.4, ""lr"": 0.0001}",0.9880170081001016
MLP,"layers=(256, 1024, 512)  act=GELU  drop=0.4  lr=0.0001","{""layers"": ""(256, 1024, 512)"", ""act"": ""GELU"", ""drop"": 0.4, ""lr"": 0.0001}",0.9880170081001016
MLP,"layers=(512, 1024)  act=GELU  drop=0.4  lr=0.01","{""layers"": ""(512, 1024)"", ""act"": ""GELU"", ""drop"": 0.4, ""lr"": 0.01}",0.9880168443216213
MLP,"layers=(256,)  act=ReLU  drop=0.0  lr=0.01","{""layers"": ""(256,)"", ""act"": ""ReLU"", ""drop"": 0.0, ""lr"": 0.01}",0.9880167686500202
MLP,"layers=(256, 256, 1024)  act=ReLU  drop=0.2  lr=0.0001","{""layers"": ""(256, 256, 1024)"", ""act"": ""ReLU"", ""drop"": 0.2, ""lr"": 0.0001}",0.9880161117396682
MLP,"layers=(256, 256)  act=GELU  drop=0.0  lr=0.0001","{""layers"": ""(256, 256)"", ""act"": ""GELU"", ""drop"": 0.0, ""lr"": 0.0001}",0.988008711498289
MLP,"layers=(256, 256)  act=ReLU  drop=0.0  lr=0.0001","{""layers"": ""(256, 256)"", ""act"": ""ReLU"", ""drop"": 0.0, ""lr"": 0.0001}",0.988008711498289
MLP,"layers=(512, 256, 1024)  act=GELU  drop=0.2  lr=0.0001","{""layers"": ""(512, 256, 1024)"", ""act"": ""GELU"", ""drop"": 0.2, ""lr"": 0.0001}",0.9880085337126094
MLP,"layers=(512, 256, 1024)  act=ReLU  drop=0.0  lr=0.0001","{""layers"": ""(512, 256, 1024)"", ""act"": ""ReLU"", ""drop"": 0.0, ""lr"": 0.0001}",0.9880085337126094
MLP,"layers=(512, 256, 1024)  act=ReLU  drop=0.2  lr=0.0001","{""layers"": ""(512, 256, 1024)"", ""act"": ""ReLU"", ""drop"": 0.2, ""lr"": 0.0001}",0.9880085337126094
MLP,"layers=(512, 256, 1024)  act=GELU  drop=0.0  lr=0.0001","{""layers"": ""(512, 256, 1024)"", ""act"": ""GELU"", ""drop"": 0.0, ""lr"": 0.0001}",0.9880085337126094
MLP,"layers=(512, 256, 1024)  act=GELU  drop=0.4  lr=0.0001","{""layers"": ""(512, 256, 1024)"", ""act"": ""GELU"", ""drop"": 0.4, ""lr"": 0.0001}",0.9880085337126094
MLP,"layers=(512, 256, 1024)  act=ReLU  drop=0.4  lr=0.0001","{""layers"": ""(512, 256, 1024)"", ""act"": ""ReLU"", ""drop"": 0.4, ""lr"": 0.0001}",0.9880085337126094
MLP,"layers=(1024, 1024, 256)  act=GELU  drop=0.4  lr=0.01","{""layers"": ""(1024, 1024, 256)"", ""act"": ""GELU"", ""drop"": 0.4, ""lr"": 0.01}",0.9880084175281085
MLP,"layers=(256, 256, 256)  act=ReLU  drop=0.4  lr=0.01","{""layers"": ""(256, 256, 256)"", ""act"": ""ReLU"", ""drop"": 0.4, ""lr"": 0.01}",0.9880082966018132
MLP,"layers=(512, 512, 512)  act=ReLU  drop=0.2  lr=0.0001","{""layers"": ""(512, 512, 512)"", ""act"": ""ReLU"", ""drop"": 0.2, ""lr"": 0.0001}",0.9880082350006346
MLP,"layers=(512, 512, 512)  act=ReLU  drop=0.4  lr=0.0001","{""layers"": ""(512, 512, 512)"", ""act"": ""ReLU"", ""drop"": 0.4, ""lr"": 0.0001}",0.9880082350006346
MLP,"layers=(256, 512, 1024)  act=ReLU  drop=0.0  lr=0.0001","{""layers"": ""(256, 512, 1024)"", ""act"": ""ReLU"", ""drop"": 0.0, ""lr"": 0.0001}",0.9880082350006346
MLP,"layers=(256, 512, 512)  act=GELU  drop=0.0  lr=0.0001","{""layers"": ""(256, 512, 512)"", ""act"": ""GELU"", ""drop"": 0.0, ""lr"": 0.0001}",0.9880082350006346
MLP,"layers=(256, 512, 1024)  act=GELU  drop=0.0  lr=0.0001","{""layers"": ""(256, 512, 1024)"", ""act"": ""GELU"", ""drop"": 0.0, ""lr"": 0.0001}",0.9880082350006346
MLP,"layers=(256, 256, 256)  act=ReLU  drop=0.0  lr=0.0001","{""layers"": ""(256, 256, 256)"", ""act"": ""ReLU"", ""drop"": 0.0, ""lr"": 0.0001}",0.9880082350006346
MLP,"layers=(512, 512, 256)  act=GELU  drop=0.0  lr=0.0001","{""layers"": ""(512, 512, 256)"", ""act"": ""GELU"", ""drop"": 0.0, ""lr"": 0.0001}",0.9880082350006346
MLP,"layers=(512, 256, 512)  act=GELU  drop=0.2  lr=0.0001","{""layers"": ""(512, 256, 512)"", ""act"": ""GELU"", ""drop"": 0.2, ""lr"": 0.0001}",0.9880082350006346
MLP,"layers=(512, 256, 512)  act=GELU  drop=0.4  lr=0.0001","{""layers"": ""(512, 256, 512)"", ""act"": ""GELU"", ""drop"": 0.4, ""lr"": 0.0001}",0.9880082350006346
MLP,"layers=(256, 512, 1024)  act=GELU  drop=0.4  lr=0.0001","{""layers"": ""(256, 512, 1024)"", ""act"": ""GELU"", ""drop"": 0.4, ""lr"": 0.0001}",0.9880082350006346
MLP,"layers=(256, 1024, 256)  act=ReLU  drop=0.2  lr=0.0001","{""layers"": ""(256, 1024, 256)"", ""act"": ""ReLU"", ""drop"": 0.2, ""lr"": 0.0001}",0.9880082350006346
MLP,"layers=(256, 1024, 256)  act=ReLU  drop=0.0  lr=0.0001","{""layers"": ""(256, 1024, 256)"", ""act"": ""ReLU"", ""drop"": 0.0, ""lr"": 0.0001}",0.9880082350006346
MLP,"layers=(256, 512, 1024)  act=GELU  drop=0.2  lr=0.0001","{""layers"": ""(256, 512, 1024)"", ""act"": ""GELU"", ""drop"": 0.2, ""lr"": 0.0001}",0.9880082350006346
MLP,"layers=(256, 1024, 1024)  act=ReLU  drop=0.2  lr=0.0001","{""layers"": ""(256, 1024, 1024)"", ""act"": ""ReLU"", ""drop"": 0.2, ""lr"": 0.0001}",0.9880082350006346
MLP,"layers=(256, 1024, 1024)  act=ReLU  drop=0.0  lr=0.0001","{""layers"": ""(256, 1024, 1024)"", ""act"": ""ReLU"", ""drop"": 0.0, ""lr"": 0.0001}",0.9880082350006346
MLP,"layers=(256, 1024, 1024)  act=GELU  drop=0.4  lr=0.0001","{""layers"": ""(256, 1024, 1024)"", ""act"": ""GELU"", ""drop"": 0.4, ""lr"": 0.0001}",0.9880082350006346
MLP,"layers=(256, 1024, 1024)  act=GELU  drop=0.2  lr=0.0001","{""layers"": ""(256, 1024, 1024)"", ""act"": ""GELU"", ""drop"": 0.2, ""lr"": 0.0001}",0.9880082350006346
MLP,"layers=(256, 1024, 1024)  act=GELU  drop=0.0  lr=0.0001","{""layers"": ""(256, 1024, 1024)"", ""act"": ""GELU"", ""drop"": 0.0, ""lr"": 0.0001}",0.9880082350006346
MLP,"layers=(512, 512, 512)  act=GELU  drop=0.0  lr=0.0001","{""layers"": ""(512, 512, 512)"", ""act"": ""GELU"", ""drop"": 0.0, ""lr"": 0.0001}",0.9880082350006346
MLP,"layers=(512, 512, 512)  act=ReLU  drop=0.0  lr=0.0001","{""layers"": ""(512, 512, 512)"", ""act"": ""ReLU"", ""drop"": 0.0, ""lr"": 0.0001}",0.9880082350006346
MLP,"layers=(512, 1024, 1024)  act=GELU  drop=0.2  lr=0.0001","{""layers"": ""(512, 1024, 1024)"", ""act"": ""GELU"", ""drop"": 0.2, ""lr"": 0.0001}",0.9880082350006346
MLP,"layers=(512, 1024, 1024)  act=GELU  drop=0.0  lr=0.0001","{""layers"": ""(512, 1024, 1024)"", ""act"": ""GELU"", ""drop"": 0.0, ""lr"": 0.0001}",0.9880082350006346
MLP,"layers=(512, 1024, 1024)  act=ReLU  drop=0.0  lr=0.0001","{""layers"": ""(512, 1024, 1024)"", ""act"": ""ReLU"", ""drop"": 0.0, ""lr"": 0.0001}",0.9880082350006346
MLP,"layers=(512, 1024, 1024)  act=GELU  drop=0.4  lr=0.0001","{""layers"": ""(512, 1024, 1024)"", ""act"": ""GELU"", ""drop"": 0.4, ""lr"": 0.0001}",0.9880082350006346
MLP,"layers=(1024, 256, 512)  act=ReLU  drop=0.4  lr=0.0001","{""layers"": ""(1024, 256, 512)"", ""act"": ""ReLU"", ""drop"": 0.4, ""lr"": 0.0001}",0.9880082350006346
MLP,"layers=(512, 512, 1024)  act=GELU  drop=0.0  lr=0.0001","{""layers"": ""(512, 512, 1024)"", ""act"": ""GELU"", ""drop"": 0.0, ""lr"": 0.0001}",0.9880082350006346
MLP,"layers=(512, 1024, 256)  act=GELU  drop=0.0  lr=0.0001","{""layers"": ""(512, 1024, 256)"", ""act"": ""GELU"", ""drop"": 0.0, ""lr"": 0.0001}",0.9880082350006346
MLP,"layers=(512, 1024, 256)  act=GELU  drop=0.2  lr=0.0001","{""layers"": ""(512, 1024, 256)"", ""act"": ""GELU"", ""drop"": 0.2, ""lr"": 0.0001}",0.9880082350006346
MLP,"layers=(512, 1024, 256)  act=ReLU  drop=0.2  lr=0.0001","{""layers"": ""(512, 1024, 256)"", ""act"": ""ReLU"", ""drop"": 0.2, ""lr"": 0.0001}",0.9880082350006346
MLP,"layers=(512, 1024, 256)  act=GELU  drop=0.4  lr=0.0001","{""layers"": ""(512, 1024, 256)"", ""act"": ""GELU"", ""drop"": 0.4, ""lr"": 0.0001}",0.9880082350006346
MLP,"layers=(512, 512, 1024)  act=GELU  drop=0.4  lr=0.0001","{""layers"": ""(512, 512, 1024)"", ""act"": ""GELU"", ""drop"": 0.4, ""lr"": 0.0001}",0.9880082350006346
MLP,"layers=(512, 512, 1024)  act=ReLU  drop=0.4  lr=0.0001","{""layers"": ""(512, 512, 1024)"", ""act"": ""ReLU"", ""drop"": 0.4, ""lr"": 0.0001}",0.9880082350006346
MLP,"layers=(512, 1024, 1024)  act=ReLU  drop=0.4  lr=0.0001","{""layers"": ""(512, 1024, 1024)"", ""act"": ""ReLU"", ""drop"": 0.4, ""lr"": 0.0001}",0.9880082350006346
MLP,"layers=(512, 1024, 1024)  act=ReLU  drop=0.2  lr=0.0001","{""layers"": ""(512, 1024, 1024)"", ""act"": ""ReLU"", ""drop"": 0.2, ""lr"": 0.0001}",0.9880082350006346
MLP,"layers=(1024, 256, 1024)  act=GELU  drop=0.0  lr=0.0001","{""layers"": ""(1024, 256, 1024)"", ""act"": ""GELU"", ""drop"": 0.0, ""lr"": 0.0001}",0.9880082350006346
MLP,"layers=(1024, 256, 512)  act=GELU  drop=0.4  lr=0.0001","{""layers"": ""(1024, 256, 512)"", ""act"": ""GELU"", ""drop"": 0.4, ""lr"": 0.0001}",0.9880082350006346
MLP,"layers=(1024, 1024, 512)  act=GELU  drop=0.4  lr=0.0001","{""layers"": ""(1024, 1024, 512)"", ""act"": ""GELU"", ""drop"": 0.4, ""lr"": 0.0001}",0.9880082350006346
MLP,"layers=(1024, 1024, 512)  act=GELU  drop=0.0  lr=0.0001","{""layers"": ""(1024, 1024, 512)"", ""act"": ""GELU"", ""drop"": 0.0, ""lr"": 0.0001}",0.9880082350006346
MLP,"layers=(256, 256)  act=ReLU  drop=0.4  lr=0.0001","{""layers"": ""(256, 256)"", ""act"": ""ReLU"", ""drop"": 0.4, ""lr"": 0.0001}",0.9880082350006346
MLP,"layers=(1024, 512, 512)  act=GELU  drop=0.4  lr=0.0001","{""layers"": ""(1024, 512, 512)"", ""act"": ""GELU"", ""drop"": 0.4, ""lr"": 0.0001}",0.9880082350006346
MLP,"layers=(1024, 512, 512)  act=GELU  drop=0.2  lr=0.0001","{""layers"": ""(1024, 512, 512)"", ""act"": ""GELU"", ""drop"": 0.2, ""lr"": 0.0001}",0.9880082350006346
MLP,"layers=(1024, 512, 512)  act=GELU  drop=0.0  lr=0.0001","{""layers"": ""(1024, 512, 512)"", ""act"": ""GELU"", ""drop"": 0.0, ""lr"": 0.0001}",0.9880082350006346
MLP,"layers=(1024, 512, 512)  act=ReLU  drop=0.0  lr=0.0001","{""layers"": ""(1024, 512, 512)"", ""act"": ""ReLU"", ""drop"": 0.0, ""lr"": 0.0001}",0.9880082350006346
MLP,"layers=(1024, 512, 256)  act=GELU  drop=0.0  lr=0.0001","{""layers"": ""(1024, 512, 256)"", ""act"": ""GELU"", ""drop"": 0.0, ""lr"": 0.0001}",0.9880082350006346
MLP,"layers=(1024, 512, 512)  act=ReLU  drop=0.4  lr=0.0001","{""layers"": ""(1024, 512, 512)"", ""act"": ""ReLU"", ""drop"": 0.4, ""lr"": 0.0001}",0.9880082350006346
MLP,"layers=(1024, 512, 1024)  act=ReLU  drop=0.0  lr=0.0001","{""layers"": ""(1024, 512, 1024)"", ""act"": ""ReLU"", ""drop"": 0.0, ""lr"": 0.0001}",0.9880082350006346
MLP,"layers=(1024, 1024, 256)  act=GELU  drop=0.4  lr=0.0001","{""layers"": ""(1024, 1024, 256)"", ""act"": ""GELU"", ""drop"": 0.4, ""lr"": 0.0001}",0.9880082350006346
MLP,"layers=(256, 256)  act=GELU  drop=0.4  lr=0.0001","{""layers"": ""(256, 256)"", ""act"": ""GELU"", ""drop"": 0.4, ""lr"": 0.0001}",0.9880082350006346
MLP,"layers=(256, 512)  act=GELU  drop=0.4  lr=0.0001","{""layers"": ""(256, 512)"", ""act"": ""GELU"", ""drop"": 0.4, ""lr"": 0.0001}",0.9880082350006346
MLP,"layers=(256, 256, 512)  act=GELU  drop=0.4  lr=0.0001","{""layers"": ""(256, 256, 512)"", ""act"": ""GELU"", ""drop"": 0.4, ""lr"": 0.0001}",0.9880082350006346
MLP,"layers=(256, 512, 512)  act=GELU  drop=0.4  lr=0.01","{""layers"": ""(256, 512, 512)"", ""act"": ""GELU"", ""drop"": 0.4, ""lr"": 0.01}",0.9880080595542406
MLP,"layers=(256, 1024)  act=GELU  drop=0.2  lr=0.0001","{""layers"": ""(256, 1024)"", ""act"": ""GELU"", ""drop"": 0.2, ""lr"": 0.0001}",0.9880080595542405
MLP,"layers=(256, 1024)  act=ReLU  drop=0.2  lr=0.0001","{""layers"": ""(256, 1024)"", ""act"": ""ReLU"", ""drop"": 0.2, ""lr"": 0.0001}",0.9880080595542405
MLP,"layers=(256, 1024)  act=ReLU  drop=0.4  lr=0.0001","{""layers"": ""(256, 1024)"", ""act"": ""ReLU"", ""drop"": 0.4, ""lr"": 0.0001}",0.9880080595542405
MLP,"layers=(256, 1024)  act=GELU  drop=0.4  lr=0.0001","{""layers"": ""(256, 1024)"", ""act"": ""GELU"", ""drop"": 0.4, ""lr"": 0.0001}",0.9880080595542405
MLP,"layers=(1024, 256)  act=ReLU  drop=0.4  lr=0.01","{""layers"": ""(1024, 256)"", ""act"": ""ReLU"", ""drop"": 0.4, ""lr"": 0.01}",0.9880078295877479
MLP,"layers=(256, 1024, 512)  act=GELU  drop=0.2  lr=0.01","{""layers"": ""(256, 1024, 512)"", ""act"": ""GELU"", ""drop"": 0.2, ""lr"": 0.01}",0.9880071229054163
MLP,"layers=(512,)  act=GELU  drop=0.2  lr=0.01","{""layers"": ""(512,)"", ""act"": ""GELU"", ""drop"": 0.2, ""lr"": 0.01}",0.9880070019791208
MLP,"layers=(1024, 256)  act=ReLU  drop=0.0  lr=0.01","{""layers"": ""(1024, 256)"", ""act"": ""ReLU"", ""drop"": 0.0, ""lr"": 0.01}",0.9880069830056183
MLP,"layers=(256,)  act=GELU  drop=0.0  lr=0.01","{""layers"": ""(256,)"", ""act"": ""GELU"", ""drop"": 0.0, ""lr"": 0.01}",0.9880068668211173
MLP,"layers=(1024, 1024, 256)  act=ReLU  drop=0.2  lr=0.01","{""layers"": ""(1024, 1024, 256)"", ""act"": ""ReLU"", ""drop"": 0.2, ""lr"": 0.01}",0.988006812146058
MLP,"layers=(512, 256, 1024)  act=ReLU  drop=0.0  lr=0.01","{""layers"": ""(512, 256, 1024)"", ""act"": ""ReLU"", ""drop"": 0.0, ""lr"": 0.01}",0.988006636699664
MLP,"layers=(256, 512, 512)  act=ReLU  drop=0.2  lr=0.01","{""layers"": ""(256, 512, 512)"", ""act"": ""ReLU"", ""drop"": 0.2, ""lr"": 0.01}",0.9879995259048551
MLP,"layers=(512,)  act=ReLU  drop=0.0  lr=0.01","{""layers"": ""(512,)"", ""act"": ""ReLU"", ""drop"": 0.0, ""lr"": 0.01}",0.9879994689822471
MLP,"layers=(256, 1024, 256)  act=GELU  drop=0.2  lr=0.01","{""layers"": ""(256, 1024, 256)"", ""act"": ""GELU"", ""drop"": 0.2, ""lr"": 0.01}",0.987999049343977
MLP,"layers=(512, 256, 1024)  act=ReLU  drop=0.4  lr=0.01","{""layers"": ""(512, 256, 1024)"", ""act"": ""ReLU"", ""drop"": 0.4, ""lr"": 0.01}",0.9879989900820839
MLP,"layers=(1024, 512, 1024)  act=GELU  drop=0.2  lr=0.01","{""layers"": ""(1024, 512, 1024)"", ""act"": ""GELU"", ""drop"": 0.2, ""lr"": 0.01}",0.98799868406452
MLP,"layers=(256, 256, 1024)  act=GELU  drop=0.0  lr=0.01","{""layers"": ""(256, 256, 1024)"", ""act"": ""GELU"", ""drop"": 0.0, ""lr"": 0.01}",0.9879986391892956
MLP,"layers=(512, 512, 512)  act=ReLU  drop=0.4  lr=0.01","{""layers"": ""(512, 512, 512)"", ""act"": ""ReLU"", ""drop"": 0.4, ""lr"": 0.01}",0.987998575185608
MLP,"layers=(512, 1024, 1024)  act=ReLU  drop=0.0  lr=0.01","{""layers"": ""(512, 1024, 1024)"", ""act"": ""ReLU"", ""drop"": 0.0, ""lr"": 0.01}",0.9879982146479455
MLP,"layers=(1024, 1024, 256)  act=GELU  drop=0.2  lr=0.01","{""layers"": ""(1024, 1024, 256)"", ""act"": ""GELU"", ""drop"": 0.2, ""lr"": 0.01}",0.9879979868657774
MLP,"layers=(256, 1024)  act=ReLU  drop=0.2  lr=0.01","{""layers"": ""(256, 1024)"", ""act"": ""ReLU"", ""drop"": 0.2, ""lr"": 0.01}",0.9879895600722645
MLP,"layers=(256, 512, 512)  act=ReLU  drop=0.4  lr=0.01","{""layers"": ""(256, 512, 512)"", ""act"": ""ReLU"", ""drop"": 0.4, ""lr"": 0.01}",0.9879882837165057
MLP,"layers=(1024, 512, 1024)  act=ReLU  drop=0.4  lr=0.01","{""layers"": ""(1024, 512, 1024)"", ""act"": ""ReLU"", ""drop"": 0.4, ""lr"": 0.01}",0.9879809151414579
MLP,"layers=(512, 512, 256)  act=GELU  drop=0.2  lr=0.01","{""layers"": ""(512, 512, 256)"", ""act"": ""GELU"", ""drop"": 0.2, ""lr"": 0.01}",0.9879800757036322
SVM,C=10  gamma=auto  kernel=rbf,"{""C"": 10, ""gamma"": ""auto"", ""kernel"": ""rbf""}",0.9868155470305966
SVM,C=100  gamma=auto  kernel=rbf,"{""C"": 100, ""gamma"": ""auto"", ""kernel"": ""rbf""}",0.9868155470305966
SVM,C=1  gamma=auto  kernel=rbf,"{""C"": 1, ""gamma"": ""auto"", ""kernel"": ""rbf""}",0.9868064182965468
MLP,"layers=(512,)  act=GELU  drop=0.4  lr=0.01","{""layers"": ""(512,)"", ""act"": ""GELU"", ""drop"": 0.4, ""lr"": 0.01}",0.9867437171329789
MLP,"layers=(256, 1024, 512)  act=GELU  drop=0.4  lr=0.01","{""layers"": ""(256, 1024, 512)"", ""act"": ""GELU"", ""drop"": 0.4, ""lr"": 0.01}",0.9867252249565921
MLP,"layers=(512, 1024, 256)  act=ReLU  drop=0.2  lr=0.01","{""layers"": ""(512, 1024, 256)"", ""act"": ""ReLU"", ""drop"": 0.2, ""lr"": 0.01}",0.9867103473604675
MLP,"layers=(256, 512, 1024)  act=ReLU  drop=0.4  lr=0.01","{""layers"": ""(256, 512, 1024)"", ""act"": ""ReLU"", ""drop"": 0.4, ""lr"": 0.01}",0.9867099964676793
MLP,"layers=(256, 512)  act=GELU  drop=0.4  lr=0.01","{""layers"": ""(256, 512)"", ""act"": ""GELU"", ""drop"": 0.4, ""lr"": 0.01}",0.9867099964676793
MLP,"layers=(256,)  act=GELU  drop=0.4  lr=0.01","{""layers"": ""(256,)"", ""act"": ""GELU"", ""drop"": 0.4, ""lr"": 0.01}",0.9867008037299418
MLP,"layers=(256, 512, 256)  act=ReLU  drop=0.4  lr=0.01","{""layers"": ""(256, 512, 256)"", ""act"": ""ReLU"", ""drop"": 0.4, ""lr"": 0.01}",0.9867003791885917
MLP,"layers=(512, 256)  act=ReLU  drop=0.2  lr=0.01","{""layers"": ""(512, 256)"", ""act"": ""ReLU"", ""drop"": 0.2, ""lr"": 0.01}",0.9866994518989746
MLP,"layers=(1024, 256)  act=ReLU  drop=0.2  lr=0.01","{""layers"": ""(1024, 256)"", ""act"": ""ReLU"", ""drop"": 0.2, ""lr"": 0.01}",0.9866993926370815
MLP,"layers=(512,)  act=GELU  drop=0.0  lr=0.0001","{""layers"": ""(512,)"", ""act"": ""GELU"", ""drop"": 0.0, ""lr"": 0.0001}",0.9866929789472124
MLP,"layers=(512, 1024)  act=GELU  drop=0.0  lr=0.0001","{""layers"": ""(512, 1024)"", ""act"": ""GELU"", ""drop"": 0.0, ""lr"": 0.0001}",0.9866929789472124
MLP,"layers=(512, 1024)  act=ReLU  drop=0.2  lr=0.0001","{""layers"": ""(512, 1024)"", ""act"": ""ReLU"", ""drop"": 0.2, ""lr"": 0.0001}",0.9866929789472124
MLP,"layers=(512, 1024)  act=ReLU  drop=0.0  lr=0.0001","{""layers"": ""(512, 1024)"", ""act"": ""ReLU"", ""drop"": 0.0, ""lr"": 0.0001}",0.9866929789472124
MLP,"layers=(512, 1024)  act=GELU  drop=0.2  lr=0.0001","{""layers"": ""(512, 1024)"", ""act"": ""GELU"", ""drop"": 0.2, ""lr"": 0.0001}",0.9866929789472124
MLP,"layers=(512, 1024)  act=GELU  drop=0.4  lr=0.0001","{""layers"": ""(512, 1024)"", ""act"": ""GELU"", ""drop"": 0.4, ""lr"": 0.0001}",0.9866929789472124
MLP,"layers=(512, 1024)  act=ReLU  drop=0.4  lr=0.0001","{""layers"": ""(512, 1024)"", ""act"": ""ReLU"", ""drop"": 0.4, ""lr"": 0.0001}",0.9866929789472124
MLP,"layers=(512, 512)  act=GELU  drop=0.0  lr=0.01","{""layers"": ""(512, 512)"", ""act"": ""GELU"", ""drop"": 0.0, ""lr"": 0.01}",0.9866926802352377
MLP,"layers=(512, 512, 512)  act=ReLU  drop=0.0  lr=0.01","{""layers"": ""(512, 512, 512)"", ""act"": ""ReLU"", ""drop"": 0.0, ""lr"": 0.01}",0.9866926802352376
MLP,"layers=(1024, 512, 512)  act=GELU  drop=0.4  lr=0.01","{""layers"": ""(1024, 512, 512)"", ""act"": ""GELU"", ""drop"": 0.4, ""lr"": 0.01}",0.9866925047888435
MLP,"layers=(256, 512, 256)  act=GELU  drop=0.2  lr=0.0001","{""layers"": ""(256, 512, 256)"", ""act"": ""GELU"", ""drop"": 0.2, ""lr"": 0.0001}",0.9866922700805564
MLP,"layers=(256, 512)  act=GELU  drop=0.2  lr=0.01","{""layers"": ""(256, 512)"", ""act"": ""GELU"", ""drop"": 0.2, ""lr"": 0.01}",0.9866922155604578
MLP,"layers=(1024, 256, 1024)  act=ReLU  drop=0.0  lr=0.01","{""layers"": ""(1024, 256, 1024)"", ""act"": ""ReLU"", ""drop"": 0.0, ""lr"": 0.01}",0.9866916843245204
MLP,"layers=(1024, 256, 512)  act=ReLU  drop=0.0  lr=0.01","{""layers"": ""(1024, 256, 512)"", ""act"": ""ReLU"", ""drop"": 0.0, ""lr"": 0.01}",0.986690403088897
MLP,"layers=(1024, 1024, 1024)  act=ReLU  drop=0.4  lr=0.0001","{""layers"": ""(1024, 1024, 1024)"", ""act"": ""ReLU"", ""drop"": 0.4, ""lr"": 0.0001}",0.9866838502131625
MLP,"layers=(1024, 1024, 256)  act=ReLU  drop=0.4  lr=0.0001","{""layers"": ""(1024, 1024, 256)"", ""act"": ""ReLU"", ""drop"": 0.4, ""lr"": 0.0001}",0.9866838502131625
MLP,"layers=(1024, 1024, 256)  act=GELU  drop=0.2  lr=0.0001","{""layers"": ""(1024, 1024, 256)"", ""act"": ""GELU"", ""drop"": 0.2, ""lr"": 0.0001}",0.9866838502131625
MLP,"layers=(1024, 1024, 1024)  act=GELU  drop=0.2  lr=0.0001","{""layers"": ""(1024, 1024, 1024)"", ""act"": ""GELU"", ""drop"": 0.2, ""lr"": 0.0001}",0.9866838502131625
MLP,"layers=(1024, 1024, 1024)  act=GELU  drop=0.4  lr=0.0001","{""layers"": ""(1024, 1024, 1024)"", ""act"": ""GELU"", ""drop"": 0.4, ""lr"": 0.0001}",0.9866838502131625
MLP,"layers=(1024, 512, 512)  act=ReLU  drop=0.2  lr=0.0001","{""layers"": ""(1024, 512, 512)"", ""act"": ""ReLU"", ""drop"": 0.2, ""lr"": 0.0001}",0.9866838502131625
MLP,"layers=(256, 1024, 512)  act=GELU  drop=0.0  lr=0.0001","{""layers"": ""(256, 1024, 512)"", ""act"": ""GELU"", ""drop"": 0.0, ""lr"": 0.0001}",0.9866838502131625
MLP,"layers=(256, 512, 256)  act=GELU  drop=0.0  lr=0.0001","{""layers"": ""(256, 512, 256)"", ""act"": ""GELU"", ""drop"": 0.0, ""lr"": 0.0001}",0.9866838502131625
MLP,"layers=(256, 1024, 512)  act=ReLU  drop=0.2  lr=0.0001","{""layers"": ""(256, 1024, 512)"", ""act"": ""ReLU"", ""drop"": 0.2, ""lr"": 0.0001}",0.9866838502131625
MLP,"layers=(256, 1024, 512)  act=GELU  drop=0.2  lr=0.0001","{""layers"": ""(256, 1024, 512)"", ""act"": ""GELU"", ""drop"": 0.2, ""lr"": 0.0001}",0.9866838502131625
MLP,"layers=(256, 1024, 512)  act=ReLU  drop=0.0  lr=0.0001","{""layers"": ""(256, 1024, 512)"", ""act"": ""ReLU"", ""drop"": 0.0, ""lr"": 0.0001}",0.9866838502131625
MLP,"layers=(1024, 1024, 256)  act=GELU  drop=0.0  lr=0.0001","{""layers"": ""(1024, 1024, 256)"", ""act"": ""GELU"", ""drop"": 0.0, ""lr"": 0.0001}",0.9866838502131625
MLP,"layers=(1024, 1024, 1024)  act=GELU  drop=0.0  lr=0.0001","{""layers"": ""(1024, 1024, 1024)"", ""act"": ""GELU"", ""drop"": 0.0, ""lr"": 0.0001}",0.9866838502131625
MLP,"layers=(1024, 256, 1024)  act=ReLU  drop=0.4  lr=0.0001","{""layers"": ""(1024, 256, 1024)"", ""act"": ""ReLU"", ""drop"": 0.4, ""lr"": 0.0001}",0.9866838502131625
kNN,k=5  metric=cosine,"{""k"": 5, ""metric"": ""cosine""}",0.9866837340286617
MLP,"layers=(256, 256, 1024)  act=GELU  drop=0.2  lr=0.01","{""layers"": ""(256, 256, 1024)"", ""act"": ""GELU"", ""drop"": 0.2, ""lr"": 0.01}",0.9866829515134437
MLP,"layers=(1024, 256, 1024)  act=GELU  drop=0.4  lr=0.01","{""layers"": ""(1024, 256, 1024)"", ""act"": ""GELU"", ""drop"": 0.4, ""lr"": 0.01}",0.9866827784063347
MLP,"layers=(1024, 256, 1024)  act=ReLU  drop=0.2  lr=0.01","{""layers"": ""(1024, 256, 1024)"", ""act"": ""ReLU"", ""drop"": 0.2, ""lr"": 0.01}",0.9866752596411692
MLP,"layers=(256, 256)  act=GELU  drop=0.2  lr=0.0001","{""layers"": ""(256, 256)"", ""act"": ""GELU"", ""drop"": 0.2, ""lr"": 0.0001}",0.9866750794529807
MLP,"layers=(256, 256)  act=ReLU  drop=0.2  lr=0.0001","{""layers"": ""(256, 256)"", ""act"": ""ReLU"", ""drop"": 0.2, ""lr"": 0.0001}",0.9866750794529807
MLP,"layers=(256, 512, 1024)  act=GELU  drop=0.0  lr=0.01","{""layers"": ""(256, 512, 1024)"", ""act"": ""GELU"", ""drop"": 0.0, ""lr"": 0.01}",0.9866747309627016
MLP,"layers=(1024, 512, 512)  act=GELU  drop=0.0  lr=0.01","{""layers"": ""(1024, 512, 512)"", ""act"": ""GELU"", ""drop"": 0.0, ""lr"": 0.01}",0.9866742613279427
kNN,k=10  metric=cosine,"{""k"": 10, ""metric"": ""cosine""}",0.9866740076461529
MLP,"layers=(1024, 512, 1024)  act=GELU  drop=0.2  lr=0.0001","{""layers"": ""(1024, 512, 1024)"", ""act"": ""GELU"", ""drop"": 0.2, ""lr"": 0.0001}",0.9866739460449744
MLP,"layers=(1024, 1024, 512)  act=GELU  drop=0.2  lr=0.0001","{""layers"": ""(1024, 1024, 512)"", ""act"": ""GELU"", ""drop"": 0.2, ""lr"": 0.0001}",0.9866739460449744
MLP,"layers=(256, 1024, 256)  act=GELU  drop=0.2  lr=0.0001","{""layers"": ""(256, 1024, 256)"", ""act"": ""GELU"", ""drop"": 0.2, ""lr"": 0.0001}",0.9866739460449744
MLP,"layers=(1024, 512, 1024)  act=GELU  drop=0.0  lr=0.0001","{""layers"": ""(1024, 512, 1024)"", ""act"": ""GELU"", ""drop"": 0.0, ""lr"": 0.0001}",0.9866739460449744
MLP,"layers=(512, 512, 512)  act=GELU  drop=0.2  lr=0.0001","{""layers"": ""(512, 512, 512)"", ""act"": ""GELU"", ""drop"": 0.2, ""lr"": 0.0001}",0.9866739460449744
MLP,"layers=(1024, 512, 1024)  act=GELU  drop=0.4  lr=0.0001","{""layers"": ""(1024, 512, 1024)"", ""act"": ""GELU"", ""drop"": 0.4, ""lr"": 0.0001}",0.9866739460449744
MLP,"layers=(256, 256, 256)  act=GELU  drop=0.0  lr=0.0001","{""layers"": ""(256, 256, 256)"", ""act"": ""GELU"", ""drop"": 0.0, ""lr"": 0.0001}",0.9866739460449744
MLP,"layers=(512, 512, 512)  act=GELU  drop=0.4  lr=0.0001","{""layers"": ""(512, 512, 512)"", ""act"": ""GELU"", ""drop"": 0.4, ""lr"": 0.0001}",0.9866739460449744
MLP,"layers=(512, 1024)  act=ReLU  drop=0.4  lr=0.01","{""layers"": ""(512, 1024)"", ""act"": ""ReLU"", ""drop"": 0.4, ""lr"": 0.01}",0.9866721200883255
MLP,"layers=(512, 512)  act=GELU  drop=0.4  lr=0.01","{""layers"": ""(512, 512)"", ""act"": ""GELU"", ""drop"": 0.4, ""lr"": 0.01}",0.9866719328475277
MLP,"layers=(512,)  act=ReLU  drop=0.2  lr=0.01","{""layers"": ""(512,)"", ""act"": ""ReLU"", ""drop"": 0.2, ""lr"": 0.01}",0.9866714643497027
MLP,"layers=(256,)  act=GELU  drop=0.2  lr=0.01","{""layers"": ""(256,)"", ""act"": ""GELU"", ""drop"": 0.2, ""lr"": 0.01}",0.9866711679770133
MLP,"layers=(512,)  act=ReLU  drop=0.4  lr=0.01","{""layers"": ""(512,)"", ""act"": ""ReLU"", ""drop"": 0.4, ""lr"": 0.01}",0.9866686898285458
MLP,"layers=(512, 512, 1024)  act=ReLU  drop=0.4  lr=0.01","{""layers"": ""(512, 512, 1024)"", ""act"": ""ReLU"", ""drop"": 0.4, ""lr"": 0.01}",0.9866657752725367
MLP,"layers=(512, 512)  act=ReLU  drop=0.4  lr=0.01","{""layers"": ""(512, 512)"", ""act"": ""ReLU"", ""drop"": 0.4, ""lr"": 0.01}",0.9866654813023563
MLP,"layers=(512, 1024, 1024)  act=GELU  drop=0.4  lr=0.01","{""layers"": ""(512, 1024, 1024)"", ""act"": ""GELU"", ""drop"": 0.4, ""lr"": 0.01}",0.9866653507311867
MLP,"layers=(512, 512, 256)  act=ReLU  drop=0.4  lr=0.01","{""layers"": ""(512, 512, 256)"", ""act"": ""ReLU"", ""drop"": 0.4, ""lr"": 0.01}",0.9866653507311866
MLP,"layers=(256, 1024, 512)  act=ReLU  drop=0.4  lr=0.01","{""layers"": ""(256, 1024, 512)"", ""act"": ""ReLU"", ""drop"": 0.4, ""lr"": 0.01}",0.9866653507311866
MLP,"layers=(1024, 1024, 256)  act=GELU  drop=0.0  lr=0.01","{""layers"": ""(1024, 1024, 256)"", ""act"": ""GELU"", ""drop"": 0.0, ""lr"": 0.01}",0.9866652322074004
MLP,"layers=(512, 256, 512)  act=ReLU  drop=0.2  lr=0.01","{""layers"": ""(512, 256, 512)"", ""act"": ""ReLU"", ""drop"": 0.2, ""lr"": 0.01}",0.9866644140823622
MLP,"layers=(1024, 512)  act=GELU  drop=0.4  lr=0.01","{""layers"": ""(1024, 512)"", ""act"": ""GELU"", ""drop"": 0.4, ""lr"": 0.01}",0.986663370250566
MLP,"layers=(512, 1024, 256)  act=GELU  drop=0.4  lr=0.01","{""layers"": ""(512, 1024, 256)"", ""act"": ""GELU"", ""drop"": 0.4, ""lr"": 0.01}",0.9866565799710048
MLP,"layers=(1024, 256, 1024)  act=GELU  drop=0.2  lr=0.01","{""layers"": ""(1024, 256, 1024)"", ""act"": ""GELU"", ""drop"": 0.2, ""lr"": 0.01}",0.9866564165719943
SVM,C=100  gamma=scale  kernel=sigmoid,"{""C"": 100, ""gamma"": ""scale"", ""kernel"": ""sigmoid""}",0.9866564165719941
MLP,"layers=(256, 256, 512)  act=GELU  drop=0.2  lr=0.01","{""layers"": ""(256, 256, 512)"", ""act"": ""GELU"", ""drop"": 0.2, ""lr"": 0.01}",0.9866561058126356
MLP,"layers=(512, 512, 1024)  act=ReLU  drop=0.0  lr=0.01","{""layers"": ""(512, 512, 1024)"", ""act"": ""ReLU"", ""drop"": 0.0, ""lr"": 0.01}",0.986655631654267
MLP,"layers=(512, 1024, 256)  act=ReLU  drop=0.4  lr=0.01","{""layers"": ""(512, 1024, 256)"", ""act"": ""ReLU"", ""drop"": 0.4, ""lr"": 0.01}",0.9866552420140674
MLP,"layers=(512, 256, 256)  act=GELU  drop=0.4  lr=0.01","{""layers"": ""(512, 256, 256)"", ""act"": ""GELU"", ""drop"": 0.4, ""lr"": 0.01}",0.9866543646271363
MLP,"layers=(256, 512)  act=ReLU  drop=0.2  lr=0.01","{""layers"": ""(256, 512)"", ""act"": ""ReLU"", ""drop"": 0.2, ""lr"": 0.01}",0.9866540634704932
MLP,"layers=(512, 1024)  act=ReLU  drop=0.0  lr=0.01","{""layers"": ""(512, 1024)"", ""act"": ""ReLU"", ""drop"": 0.0, ""lr"": 0.01}",0.9866511960857153
MLP,"layers=(1024, 256, 512)  act=ReLU  drop=0.4  lr=0.01","{""layers"": ""(1024, 256, 512)"", ""act"": ""ReLU"", ""drop"": 0.4, ""lr"": 0.01}",0.986648179295298
MLP,"layers=(256, 1024, 512)  act=ReLU  drop=0.2  lr=0.01","{""layers"": ""(256, 1024, 512)"", ""act"": ""ReLU"", ""drop"": 0.2, ""lr"": 0.01}",0.9866479991071097
MLP,"layers=(1024,)  act=ReLU  drop=0.0  lr=0.01","{""layers"": ""(1024,)"", ""act"": ""ReLU"", ""drop"": 0.0, ""lr"": 0.01}",0.9866378458766525
MLP,"layers=(512, 256, 1024)  act=GELU  drop=0.4  lr=0.01","{""layers"": ""(512, 256, 1024)"", ""act"": ""GELU"", ""drop"": 0.4, ""lr"": 0.01}",0.9854339283096706
MLP,"layers=(1024, 1024, 1024)  act=GELU  drop=0.2  lr=0.01","{""layers"": ""(1024, 1024, 1024)"", ""act"": ""GELU"", ""drop"": 0.2, ""lr"": 0.01}",0.9854028568278816
MLP,"layers=(1024, 1024, 512)  act=ReLU  drop=0.4  lr=0.01","{""layers"": ""(1024, 1024, 512)"", ""act"": ""ReLU"", ""drop"": 0.4, ""lr"": 0.01}",0.9853937397617453
MLP,"layers=(512, 256)  act=GELU  drop=0.2  lr=0.01","{""layers"": ""(512, 256)"", ""act"": ""GELU"", ""drop"": 0.2, ""lr"": 0.01}",0.9853930448411302
MLP,"layers=(512, 256)  act=ReLU  drop=0.0  lr=0.01","{""layers"": ""(512, 256)"", ""act"": ""ReLU"", ""drop"": 0.0, ""lr"": 0.01}",0.9853835742084577
SVM,C=0.1  gamma=scale  kernel=sigmoid,"{""C"": 0.1, ""gamma"": ""scale"", ""kernel"": ""sigmoid""}",0.9853804308610395
MLP,"layers=(512,)  act=GELU  drop=0.0  lr=0.01","{""layers"": ""(512,)"", ""act"": ""GELU"", ""drop"": 0.0, ""lr"": 0.01}",0.9853669889326505
MLP,"layers=(512, 512)  act=ReLU  drop=0.0  lr=0.01","{""layers"": ""(512, 512)"", ""act"": ""ReLU"", ""drop"": 0.0, ""lr"": 0.01}",0.9853665147742816
MLP,"layers=(256, 256)  act=GELU  drop=0.0  lr=0.01","{""layers"": ""(256, 256)"", ""act"": ""GELU"", ""drop"": 0.0, ""lr"": 0.01}",0.9853660256070141
MLP,"layers=(256, 256, 512)  act=GELU  drop=0.0  lr=0.01","{""layers"": ""(256, 256, 512)"", ""act"": ""GELU"", ""drop"": 0.0, ""lr"": 0.01}",0.9853586497031617
MLP,"layers=(256, 512, 256)  act=GELU  drop=0.4  lr=0.01","{""layers"": ""(256, 512, 256)"", ""act"": ""GELU"", ""drop"": 0.4, ""lr"": 0.01}",0.9853584482021853
MLP,"layers=(256, 512, 512)  act=ReLU  drop=0.0  lr=0.01","{""layers"": ""(256, 512, 512)"", ""act"": ""ReLU"", ""drop"": 0.0, ""lr"": 0.01}",0.9853505168798292
MLP,"layers=(256, 256)  act=ReLU  drop=0.4  lr=0.01","{""layers"": ""(256, 256)"", ""act"": ""ReLU"", ""drop"": 0.4, ""lr"": 0.01}",0.9853504576179362
MLP,"layers=(1024,)  act=GELU  drop=0.4  lr=0.01","{""layers"": ""(1024,)"", ""act"": ""GELU"", ""drop"": 0.4, ""lr"": 0.01}",0.9853498696143513
MLP,"layers=(1024, 256, 256)  act=ReLU  drop=0.0  lr=0.01","{""layers"": ""(1024, 256, 256)"", ""act"": ""ReLU"", ""drop"": 0.0, ""lr"": 0.01}",0.9853495802310049
MLP,"layers=(256, 256, 256)  act=GELU  drop=0.4  lr=0.01","{""layers"": ""(256, 256, 256)"", ""act"": ""GELU"", ""drop"": 0.4, ""lr"": 0.01}",0.9853495733048859
MLP,"layers=(1024, 512, 1024)  act=ReLU  drop=0.4  lr=0.0001","{""layers"": ""(1024, 512, 1024)"", ""act"": ""ReLU"", ""drop"": 0.4, ""lr"": 0.0001}",0.9853495612575024
MLP,"layers=(256, 1024, 256)  act=GELU  drop=0.0  lr=0.0001","{""layers"": ""(256, 1024, 256)"", ""act"": ""GELU"", ""drop"": 0.0, ""lr"": 0.0001}",0.9853495612575024
MLP,"layers=(1024, 512, 1024)  act=ReLU  drop=0.2  lr=0.0001","{""layers"": ""(1024, 512, 1024)"", ""act"": ""ReLU"", ""drop"": 0.2, ""lr"": 0.0001}",0.9853495612575024
MLP,"layers=(256, 512, 512)  act=GELU  drop=0.0  lr=0.01","{""layers"": ""(256, 512, 512)"", ""act"": ""GELU"", ""drop"": 0.0, ""lr"": 0.01}",0.9853494523785904
MLP,"layers=(256,)  act=ReLU  drop=0.4  lr=0.01","{""layers"": ""(256,)"", ""act"": ""ReLU"", ""drop"": 0.4, ""lr"": 0.01}",0.9853494523785903
MLP,"layers=(256, 1024, 1024)  act=GELU  drop=0.2  lr=0.01","{""layers"": ""(256, 1024, 1024)"", ""act"": ""GELU"", ""drop"": 0.2, ""lr"": 0.01}",0.9853490371658686
MLP,"layers=(256, 256, 1024)  act=ReLU  drop=0.4  lr=0.01","{""layers"": ""(256, 256, 1024)"", ""act"": ""ReLU"", ""drop"": 0.4, ""lr"": 0.01}",0.9853488761061432
MLP,"layers=(256, 512, 256)  act=GELU  drop=0.2  lr=0.01","{""layers"": ""(256, 512, 256)"", ""act"": ""GELU"", ""drop"": 0.2, ""lr"": 0.01}",0.9853413881457794
MLP,"layers=(256, 1024, 1024)  act=GELU  drop=0.4  lr=0.01","{""layers"": ""(256, 1024, 1024)"", ""act"": ""GELU"", ""drop"": 0.4, ""lr"": 0.01}",0.9853412126993853
MLP,"layers=(1024, 512, 512)  act=ReLU  drop=0.4  lr=0.01","{""layers"": ""(1024, 512, 512)"", ""act"": ""ReLU"", ""drop"": 0.4, ""lr"": 0.01}",0.9853412126993851
MLP,"layers=(1024, 1024)  act=GELU  drop=0.4  lr=0.01","{""layers"": ""(1024, 1024)"", ""act"": ""GELU"", ""drop"": 0.4, ""lr"": 0.01}",0.9853394958746282
MLP,"layers=(256, 512, 1024)  act=ReLU  drop=0.0  lr=0.01","{""layers"": ""(256, 512, 1024)"", ""act"": ""ReLU"", ""drop"": 0.0, ""lr"": 0.01}",0.9853322072309162
MLP,"layers=(512, 1024, 512)  act=ReLU  drop=0.2  lr=0.01","{""layers"": ""(512, 1024, 512)"", ""act"": ""ReLU"", ""drop"": 0.2, ""lr"": 0.01}",0.9853318515963334
MLP,"layers=(512, 1024)  act=ReLU  drop=0.2  lr=0.01","{""layers"": ""(512, 1024)"", ""act"": ""ReLU"", ""drop"": 0.2, ""lr"": 0.01}",0.9853304470719139
MLP,"layers=(512, 256)  act=ReLU  drop=0.4  lr=0.01","{""layers"": ""(512, 256)"", ""act"": ""ReLU"", ""drop"": 0.4, ""lr"": 0.01}",0.9853234364707343
MLP,"layers=(1024, 512, 1024)  act=GELU  drop=0.4  lr=0.01","{""layers"": ""(1024, 512, 1024)"", ""act"": ""GELU"", ""drop"": 0.4, ""lr"": 0.01}",0.9853232539432604
MLP,"layers=(512, 1024, 1024)  act=GELU  drop=0.2  lr=0.01","{""layers"": ""(512, 1024, 1024)"", ""act"": ""GELU"", ""drop"": 0.2, ""lr"": 0.01}",0.9853232466376712
MLP,"layers=(256, 1024)  act=ReLU  drop=0.0  lr=0.01","{""layers"": ""(256, 1024)"", ""act"": ""ReLU"", ""drop"": 0.0, ""lr"": 0.01}",0.9853177348999675
MLP,"layers=(256, 512)  act=GELU  drop=0.0  lr=0.01","{""layers"": ""(256, 512)"", ""act"": ""GELU"", ""drop"": 0.0, ""lr"": 0.01}",0.9853141252092107
MLP,"layers=(256, 256)  act=GELU  drop=0.4  lr=0.01","{""layers"": ""(256, 256)"", ""act"": ""GELU"", ""drop"": 0.4, ""lr"": 0.01}",0.9853140754309062
MLP,"layers=(256, 1024)  act=GELU  drop=0.2  lr=0.01","{""layers"": ""(256, 1024)"", ""act"": ""GELU"", ""drop"": 0.2, ""lr"": 0.01}",0.9853136365355745
MLP,"layers=(512, 512)  act=GELU  drop=0.2  lr=0.01","{""layers"": ""(512, 512)"", ""act"": ""GELU"", ""drop"": 0.2, ""lr"": 0.01}",0.9853130461927045
SVM,C=10  gamma=auto  kernel=sigmoid,"{""C"": 10, ""gamma"": ""auto"", ""kernel"": ""sigmoid""}",0.985312372131288
MLP,"layers=(1024, 512, 256)  act=GELU  drop=0.0  lr=0.01","{""layers"": ""(1024, 512, 256)"", ""act"": ""GELU"", ""drop"": 0.0, ""lr"": 0.01}",0.985310064901553
MLP,"layers=(512, 256, 512)  act=GELU  drop=0.4  lr=0.01","{""layers"": ""(512, 256, 512)"", ""act"": ""GELU"", ""drop"": 0.4, ""lr"": 0.01}",0.9853100056396599
MLP,"layers=(256, 1024, 512)  act=ReLU  drop=0.0  lr=0.01","{""layers"": ""(256, 1024, 512)"", ""act"": ""ReLU"", ""drop"": 0.0, ""lr"": 0.01}",0.9853100056396599
MLP,"layers=(512, 512, 512)  act=GELU  drop=0.4  lr=0.01","{""layers"": ""(512, 512, 512)"", ""act"": ""GELU"", ""drop"": 0.4, ""lr"": 0.01}",0.9853055963016196
MLP,"layers=(512, 256, 1024)  act=ReLU  drop=0.2  lr=0.01","{""layers"": ""(512, 256, 1024)"", ""act"": ""ReLU"", ""drop"": 0.2, ""lr"": 0.01}",0.9853033143902691
MLP,"layers=(512, 256, 512)  act=ReLU  drop=0.0  lr=0.01","{""layers"": ""(512, 256, 512)"", ""act"": ""ReLU"", ""drop"": 0.0, ""lr"": 0.01}",0.9852848526611864
MLP,"layers=(256, 256, 1024)  act=ReLU  drop=0.0  lr=0.01","{""layers"": ""(256, 256, 1024)"", ""act"": ""ReLU"", ""drop"": 0.0, ""lr"": 0.01}",0.9840767517543374
MLP,"layers=(256, 512, 256)  act=ReLU  drop=0.0  lr=0.01","{""layers"": ""(256, 512, 256)"", ""act"": ""ReLU"", ""drop"": 0.0, ""lr"": 0.01}",0.984075706938582
MLP,"layers=(512, 512, 1024)  act=GELU  drop=0.4  lr=0.01","{""layers"": ""(512, 512, 1024)"", ""act"": ""GELU"", ""drop"": 0.4, ""lr"": 0.01}",0.9840592326076333
MLP,"layers=(512, 256, 256)  act=ReLU  drop=0.0  lr=0.01","{""layers"": ""(512, 256, 256)"", ""act"": ""ReLU"", ""drop"": 0.0, ""lr"": 0.01}",0.9840519132919262
SVM,C=0.1  gamma=auto  kernel=sigmoid,"{""C"": 0.1, ""gamma"": ""auto"", ""kernel"": ""sigmoid""}",0.9840482250854125
MLP,"layers=(512, 256, 256)  act=GELU  drop=0.0  lr=0.01","{""layers"": ""(512, 256, 256)"", ""act"": ""GELU"", ""drop"": 0.0, ""lr"": 0.01}",0.9840409609078256
MLP,"layers=(1024, 1024, 256)  act=ReLU  drop=0.0  lr=0.01","{""layers"": ""(1024, 1024, 256)"", ""act"": ""ReLU"", ""drop"": 0.0, ""lr"": 0.01}",0.9840398146160731
MLP,"layers=(1024, 1024)  act=ReLU  drop=0.4  lr=0.01","{""layers"": ""(1024, 1024)"", ""act"": ""ReLU"", ""drop"": 0.4, ""lr"": 0.01}",0.9840340894692957
MLP,"layers=(1024, 256)  act=GELU  drop=0.4  lr=0.01","{""layers"": ""(1024, 256)"", ""act"": ""GELU"", ""drop"": 0.4, ""lr"": 0.01}",0.9840340801406672
MLP,"layers=(512, 256, 512)  act=ReLU  drop=0.4  lr=0.01","{""layers"": ""(512, 256, 512)"", ""act"": ""ReLU"", ""drop"": 0.4, ""lr"": 0.01}",0.9840340185394889
MLP,"layers=(512, 256, 1024)  act=GELU  drop=0.0  lr=0.01","{""layers"": ""(512, 256, 1024)"", ""act"": ""GELU"", ""drop"": 0.0, ""lr"": 0.01}",0.9840312101645742
MLP,"layers=(512, 512, 512)  act=ReLU  drop=0.2  lr=0.01","{""layers"": ""(512, 512, 512)"", ""act"": ""ReLU"", ""drop"": 0.2, ""lr"": 0.01}",0.9840253094437094
MLP,"layers=(256, 256, 1024)  act=ReLU  drop=0.2  lr=0.01","{""layers"": ""(256, 256, 1024)"", ""act"": ""ReLU"", ""drop"": 0.2, ""lr"": 0.01}",0.9840250579462441
MLP,"layers=(256, 512, 256)  act=ReLU  drop=0.2  lr=0.01","{""layers"": ""(256, 512, 256)"", ""act"": ""ReLU"", ""drop"": 0.2, ""lr"": 0.01}",0.9840227357770819
kNN,k=5  metric=euclidean,"{""k"": 5, ""metric"": ""euclidean""}",0.9840225079949139
kNN,k=10  metric=euclidean,"{""k"": 10, ""metric"": ""euclidean""}",0.9840219975760162
MLP,"layers=(512, 256, 512)  act=GELU  drop=0.0  lr=0.01","{""layers"": ""(512, 256, 512)"", ""act"": ""GELU"", ""drop"": 0.0, ""lr"": 0.01}",0.984015236755246
MLP,"layers=(512, 256, 1024)  act=GELU  drop=0.2  lr=0.01","{""layers"": ""(512, 256, 1024)"", ""act"": ""GELU"", ""drop"": 0.2, ""lr"": 0.01}",0.984011198978401
MLP,"layers=(1024, 256)  act=GELU  drop=0.0  lr=0.01","{""layers"": ""(1024, 256)"", ""act"": ""GELU"", ""drop"": 0.0, ""lr"": 0.01}",0.9840051919174325
MLP,"layers=(1024, 256, 256)  act=ReLU  drop=0.4  lr=0.01","{""layers"": ""(1024, 256, 256)"", ""act"": ""ReLU"", ""drop"": 0.4, ""lr"": 0.01}",0.9840045446213762
MLP,"layers=(256, 512, 1024)  act=GELU  drop=0.4  lr=0.01","{""layers"": ""(256, 512, 1024)"", ""act"": ""GELU"", ""drop"": 0.4, ""lr"": 0.01}",0.9840009397051837
MLP,"layers=(256, 512, 1024)  act=GELU  drop=0.2  lr=0.01","{""layers"": ""(256, 512, 1024)"", ""act"": ""GELU"", ""drop"": 0.2, ""lr"": 0.01}",0.9839994689822471
MLP,"layers=(256, 256, 512)  act=ReLU  drop=0.0  lr=0.01","{""layers"": ""(256, 256, 512)"", ""act"": ""ReLU"", ""drop"": 0.0, ""lr"": 0.01}",0.9839990564882806
MLP,"layers=(256, 1024, 1024)  act=ReLU  drop=0.2  lr=0.01","{""layers"": ""(256, 1024, 1024)"", ""act"": ""ReLU"", ""drop"": 0.2, ""lr"": 0.01}",0.9839988715582975
MLP,"layers=(512, 1024, 512)  act=GELU  drop=0.0  lr=0.01","{""layers"": ""(512, 1024, 512)"", ""act"": ""GELU"", ""drop"": 0.0, ""lr"": 0.01}",0.9839937760450473
MLP,"layers=(512, 256, 256)  act=ReLU  drop=0.4  lr=0.01","{""layers"": ""(512, 256, 256)"", ""act"": ""ReLU"", ""drop"": 0.4, ""lr"": 0.01}",0.9839898115697296
MLP,"layers=(1024, 1024)  act=GELU  drop=0.2  lr=0.01","{""layers"": ""(1024, 1024)"", ""act"": ""GELU"", ""drop"": 0.2, ""lr"": 0.01}",0.9839896835623546
MLP,"layers=(256, 256)  act=ReLU  drop=0.2  lr=0.01","{""layers"": ""(256, 256)"", ""act"": ""ReLU"", ""drop"": 0.2, ""lr"": 0.01}",0.9839845956153747
MLP,"layers=(256, 256)  act=ReLU  drop=0.0  lr=0.01","{""layers"": ""(256, 256)"", ""act"": ""ReLU"", ""drop"": 0.0, ""lr"": 0.01}",0.9839797453253256
MLP,"layers=(256, 1024, 256)  act=ReLU  drop=0.4  lr=0.01","{""layers"": ""(256, 1024, 256)"", ""act"": ""ReLU"", ""drop"": 0.4, ""lr"": 0.01}",0.9839795698789313
MLP,"layers=(256, 256, 256)  act=ReLU  drop=0.0  lr=0.01","{""layers"": ""(256, 256, 256)"", ""act"": ""ReLU"", ""drop"": 0.0, ""lr"": 0.01}",0.9839723222301793
MLP,"layers=(1024, 256, 512)  act=ReLU  drop=0.2  lr=0.01","{""layers"": ""(1024, 256, 512)"", ""act"": ""ReLU"", ""drop"": 0.2, ""lr"": 0.01}",0.9839546547730923
MLP,"layers=(512, 256)  act=GELU  drop=0.4  lr=0.01","{""layers"": ""(512, 256)"", ""act"": ""GELU"", ""drop"": 0.4, ""lr"": 0.01}",0.9839531710018511
SVM,C=1  degree=2  gamma=auto  kernel=poly,"{""C"": 1, ""degree"": 2, ""gamma"": ""auto"", ""kernel"": ""poly""}",0.9829226604680074
SVM,C=1  degree=2  gamma=0.01  kernel=poly,"{""C"": 1, ""degree"": 2, ""gamma"": 0.01, ""kernel"": ""poly""}",0.9829226604680074
SVM,C=100  degree=2  gamma=scale  kernel=poly,"{""C"": 100, ""degree"": 2, ""gamma"": ""scale"", ""kernel"": ""poly""}",0.9829226604680074
SVM,C=100  degree=2  gamma=0.01  kernel=poly,"{""C"": 100, ""degree"": 2, ""gamma"": 0.01, ""kernel"": ""poly""}",0.9829226604680074
SVM,C=10  degree=2  gamma=0.01  kernel=poly,"{""C"": 10, ""degree"": 2, ""gamma"": 0.01, ""kernel"": ""poly""}",0.9829226604680074
SVM,C=100  degree=2  gamma=auto  kernel=poly,"{""C"": 100, ""degree"": 2, ""gamma"": ""auto"", ""kernel"": ""poly""}",0.9829226604680074
SVM,C=0.1  degree=2  gamma=0.01  kernel=poly,"{""C"": 0.1, ""degree"": 2, ""gamma"": 0.01, ""kernel"": ""poly""}",0.9829226604680074
SVM,C=10  degree=2  gamma=scale  kernel=poly,"{""C"": 10, ""degree"": 2, ""gamma"": ""scale"", ""kernel"": ""poly""}",0.9829226604680074
SVM,C=10  degree=2  gamma=auto  kernel=poly,"{""C"": 10, ""degree"": 2, ""gamma"": ""auto"", ""kernel"": ""poly""}",0.9829226604680074
SVM,C=0.01  degree=2  gamma=0.01  kernel=poly,"{""C"": 0.01, ""degree"": 2, ""gamma"": 0.01, ""kernel"": ""poly""}",0.9829226604680074
MLP,"layers=(256, 1024, 1024)  act=GELU  drop=0.0  lr=0.01","{""layers"": ""(256, 1024, 1024)"", ""act"": ""GELU"", ""drop"": 0.0, ""lr"": 0.01}",0.982758586081877
MLP,"layers=(512, 1024, 256)  act=GELU  drop=0.2  lr=0.01","{""layers"": ""(512, 1024, 256)"", ""act"": ""GELU"", ""drop"": 0.2, ""lr"": 0.01}",0.9827330882179799
MLP,"layers=(256, 256)  act=GELU  drop=0.2  lr=0.01","{""layers"": ""(256, 256)"", ""act"": ""GELU"", ""drop"": 0.2, ""lr"": 0.01}",0.9827241484745052
MLP,"layers=(256, 1024)  act=GELU  drop=0.0  lr=0.01","{""layers"": ""(256, 1024)"", ""act"": ""GELU"", ""drop"": 0.0, ""lr"": 0.01}",0.9827174035740198
MLP,"layers=(1024, 512, 256)  act=ReLU  drop=0.0  lr=0.01","{""layers"": ""(1024, 512, 256)"", ""act"": ""ReLU"", ""drop"": 0.0, ""lr"": 0.01}",0.9827127079238862
MLP,"layers=(512, 512, 256)  act=GELU  drop=0.0  lr=0.01","{""layers"": ""(512, 512, 256)"", ""act"": ""GELU"", ""drop"": 0.0, ""lr"": 0.01}",0.9827099301247063
MLP,"layers=(256, 512, 1024)  act=ReLU  drop=0.2  lr=0.01","{""layers"": ""(256, 512, 1024)"", ""act"": ""ReLU"", ""drop"": 0.2, ""lr"": 0.01}",0.9826985694125707
MLP,"layers=(1024, 1024, 512)  act=ReLU  drop=0.2  lr=0.01","{""layers"": ""(1024, 1024, 512)"", ""act"": ""ReLU"", ""drop"": 0.2, ""lr"": 0.01}",0.9826924595341492
MLP,"layers=(512, 1024)  act=GELU  drop=0.0  lr=0.01","{""layers"": ""(512, 1024)"", ""act"": ""GELU"", ""drop"": 0.0, ""lr"": 0.01}",0.9826915752843228
MLP,"layers=(1024, 1024)  act=GELU  drop=0.0  lr=0.01","{""layers"": ""(1024, 1024)"", ""act"": ""GELU"", ""drop"": 0.0, ""lr"": 0.01}",0.9826892697135778
MLP,"layers=(256, 1024, 256)  act=ReLU  drop=0.2  lr=0.01","{""layers"": ""(256, 1024, 256)"", ""act"": ""ReLU"", ""drop"": 0.2, ""lr"": 0.01}",0.9826868511770978
MLP,"layers=(256, 256, 512)  act=ReLU  drop=0.4  lr=0.01","{""layers"": ""(256, 256, 512)"", ""act"": ""ReLU"", ""drop"": 0.4, ""lr"": 0.01}",0.9826862313489094
MLP,"layers=(1024, 1024)  act=ReLU  drop=0.2  lr=0.01","{""layers"": ""(1024, 1024)"", ""act"": ""ReLU"", ""drop"": 0.2, ""lr"": 0.01}",0.9826834424609905
MLP,"layers=(1024, 512, 256)  act=ReLU  drop=0.4  lr=0.01","{""layers"": ""(1024, 512, 256)"", ""act"": ""ReLU"", ""drop"": 0.4, ""lr"": 0.01}",0.9826821454357891
MLP,"layers=(512, 256)  act=GELU  drop=0.0  lr=0.01","{""layers"": ""(512, 256)"", ""act"": ""GELU"", ""drop"": 0.0, ""lr"": 0.01}",0.982681998326313
kNN,k=20  metric=cosine,"{""k"": 20, ""metric"": ""cosine""}",0.9826808071299606
MLP,"layers=(1024, 512)  act=ReLU  drop=0.2  lr=0.01","{""layers"": ""(1024, 512)"", ""act"": ""ReLU"", ""drop"": 0.2, ""lr"": 0.01}",0.9826747878853095
MLP,"layers=(1024, 1024, 512)  act=GELU  drop=0.0  lr=0.01","{""layers"": ""(1024, 1024, 512)"", ""act"": ""GELU"", ""drop"": 0.0, ""lr"": 0.01}",0.9826738275211881
MLP,"layers=(1024,)  act=GELU  drop=0.2  lr=0.01","{""layers"": ""(1024,)"", ""act"": ""GELU"", ""drop"": 0.2, ""lr"": 0.01}",0.982672809612229
kNN,k=15  metric=cosine,"{""k"": 15, ""metric"": ""cosine""}",0.9826717376578038
MLP,"layers=(512, 1024, 512)  act=ReLU  drop=0.4  lr=0.01","{""layers"": ""(512, 1024, 512)"", ""act"": ""ReLU"", ""drop"": 0.4, ""lr"": 0.01}",0.9826717307011058
MLP,"layers=(512, 256, 512)  act=GELU  drop=0.2  lr=0.01","{""layers"": ""(512, 256, 512)"", ""act"": ""GELU"", ""drop"": 0.2, ""lr"": 0.01}",0.982663987517973
MLP,"layers=(256, 1024, 256)  act=GELU  drop=0.0  lr=0.01","{""layers"": ""(256, 1024, 256)"", ""act"": ""GELU"", ""drop"": 0.0, ""lr"": 0.01}",0.9826605525164441
MLP,"layers=(1024, 512, 256)  act=ReLU  drop=0.2  lr=0.01","{""layers"": ""(1024, 512, 256)"", ""act"": ""ReLU"", ""drop"": 0.2, ""lr"": 0.01}",0.9826564094909144
MLP,"layers=(1024, 1024, 256)  act=ReLU  drop=0.4  lr=0.01","{""layers"": ""(1024, 1024, 256)"", ""act"": ""ReLU"", ""drop"": 0.4, ""lr"": 0.01}",0.982654831859386
MLP,"layers=(512, 1024, 1024)  act=GELU  drop=0.0  lr=0.01","{""layers"": ""(512, 1024, 1024)"", ""act"": ""GELU"", ""drop"": 0.0, ""lr"": 0.01}",0.9826373449223447
MLP,"layers=(512, 1024, 256)  act=GELU  drop=0.0  lr=0.01","{""layers"": ""(512, 1024, 256)"", ""act"": ""GELU"", ""drop"": 0.0, ""lr"": 0.01}",0.9826343218060315
MLP,"layers=(1024, 256, 256)  act=GELU  drop=0.4  lr=0.01","{""layers"": ""(1024, 256, 256)"", ""act"": ""GELU"", ""drop"": 0.4, ""lr"": 0.01}",0.9826255580657715
MLP,"layers=(256, 1024, 512)  act=GELU  drop=0.0  lr=0.01","{""layers"": ""(256, 1024, 512)"", ""act"": ""GELU"", ""drop"": 0.0, ""lr"": 0.01}",0.9826121951082185
MLP,"layers=(512, 512, 512)  act=GELU  drop=0.2  lr=0.01","{""layers"": ""(512, 512, 512)"", ""act"": ""GELU"", ""drop"": 0.2, ""lr"": 0.01}",0.9826016343942224
MLP,"layers=(1024,)  act=GELU  drop=0.0  lr=0.01","{""layers"": ""(1024,)"", ""act"": ""GELU"", ""drop"": 0.0, ""lr"": 0.01}",0.9825787790044848
SVM,C=1  degree=2  gamma=scale  kernel=poly,"{""C"": 1, ""degree"": 2, ""gamma"": ""scale"", ""kernel"": ""poly""}",0.9816344455092921
MLP,"layers=(1024, 256, 512)  act=GELU  drop=0.0  lr=0.01","{""layers"": ""(1024, 256, 512)"", ""act"": ""GELU"", ""drop"": 0.0, ""lr"": 0.01}",0.9814355010077828
MLP,"layers=(1024, 256, 1024)  act=ReLU  drop=0.4  lr=0.01","{""layers"": ""(1024, 256, 1024)"", ""act"": ""ReLU"", ""drop"": 0.4, ""lr"": 0.01}",0.981425824119863
MLP,"layers=(256, 1024, 256)  act=ReLU  drop=0.0  lr=0.01","{""layers"": ""(256, 1024, 256)"", ""act"": ""ReLU"", ""drop"": 0.0, ""lr"": 0.01}",0.9813969821807095
MLP,"layers=(512, 256, 256)  act=ReLU  drop=0.2  lr=0.01","{""layers"": ""(512, 256, 256)"", ""act"": ""ReLU"", ""drop"": 0.2, ""lr"": 0.01}",0.9813920135472021
MLP,"layers=(1024, 1024, 1024)  act=GELU  drop=0.0  lr=0.01","{""layers"": ""(1024, 1024, 1024)"", ""act"": ""GELU"", ""drop"": 0.0, ""lr"": 0.01}",0.9813913893463125
MLP,"layers=(1024, 512, 1024)  act=GELU  drop=0.0  lr=0.01","{""layers"": ""(1024, 512, 1024)"", ""act"": ""GELU"", ""drop"": 0.0, ""lr"": 0.01}",0.9813814970073232
MLP,"layers=(256, 256, 512)  act=ReLU  drop=0.2  lr=0.01","{""layers"": ""(256, 256, 512)"", ""act"": ""ReLU"", ""drop"": 0.2, ""lr"": 0.01}",0.981368417033021
MLP,"layers=(256, 256, 256)  act=ReLU  drop=0.2  lr=0.01","{""layers"": ""(256, 256, 256)"", ""act"": ""ReLU"", ""drop"": 0.2, ""lr"": 0.01}",0.9813678900348788
MLP,"layers=(256, 1024, 256)  act=GELU  drop=0.4  lr=0.01","{""layers"": ""(256, 1024, 256)"", ""act"": ""GELU"", ""drop"": 0.4, ""lr"": 0.01}",0.9813668207918456
MLP,"layers=(1024, 512, 1024)  act=ReLU  drop=0.0  lr=0.01","{""layers"": ""(1024, 512, 1024)"", ""act"": ""ReLU"", ""drop"": 0.0, ""lr"": 0.01}",0.9813500427214603
MLP,"layers=(1024, 512)  act=GELU  drop=0.0  lr=0.01","{""layers"": ""(1024, 512)"", ""act"": ""GELU"", ""drop"": 0.0, ""lr"": 0.01}",0.9813493242099298
MLP,"layers=(1024, 1024, 512)  act=GELU  drop=0.2  lr=0.01","{""layers"": ""(1024, 1024, 512)"", ""act"": ""GELU"", ""drop"": 0.2, ""lr"": 0.01}",0.9813440581533655
MLP,"layers=(512, 512, 1024)  act=GELU  drop=0.0  lr=0.01","{""layers"": ""(512, 512, 1024)"", ""act"": ""GELU"", ""drop"": 0.0, ""lr"": 0.01}",0.981337258736093
MLP,"layers=(1024, 512)  act=GELU  drop=0.2  lr=0.01","{""layers"": ""(1024, 512)"", ""act"": ""GELU"", ""drop"": 0.2, ""lr"": 0.01}",0.9813317896632979
MLP,"layers=(256, 256, 256)  act=GELU  drop=0.2  lr=0.01","{""layers"": ""(256, 256, 256)"", ""act"": ""GELU"", ""drop"": 0.2, ""lr"": 0.01}",0.9813315076928882
MLP,"layers=(1024, 1024, 512)  act=GELU  drop=0.4  lr=0.01","{""layers"": ""(1024, 1024, 512)"", ""act"": ""GELU"", ""drop"": 0.4, ""lr"": 0.01}",0.9813314127642255
MLP,"layers=(512, 512, 1024)  act=GELU  drop=0.2  lr=0.01","{""layers"": ""(512, 512, 1024)"", ""act"": ""GELU"", ""drop"": 0.2, ""lr"": 0.01}",0.9813224312946124
MLP,"layers=(256, 512)  act=ReLU  drop=0.0  lr=0.01","{""layers"": ""(256, 512)"", ""act"": ""ReLU"", ""drop"": 0.0, ""lr"": 0.01}",0.981321908680734
MLP,"layers=(1024, 512)  act=ReLU  drop=0.0  lr=0.01","{""layers"": ""(1024, 512)"", ""act"": ""ReLU"", ""drop"": 0.0, ""lr"": 0.01}",0.9813043938162741
MLP,"layers=(1024, 512, 512)  act=ReLU  drop=0.2  lr=0.01","{""layers"": ""(1024, 512, 512)"", ""act"": ""ReLU"", ""drop"": 0.2, ""lr"": 0.01}",0.9813040264334777
MLP,"layers=(1024, 512, 1024)  act=ReLU  drop=0.2  lr=0.01","{""layers"": ""(1024, 512, 1024)"", ""act"": ""ReLU"", ""drop"": 0.2, ""lr"": 0.01}",0.98122824445219
SVM,C=0.1  degree=2  gamma=auto  kernel=poly,"{""C"": 0.1, ""degree"": 2, ""gamma"": ""auto"", ""kernel"": ""poly""}",0.9803318907640155
SVM,C=0.01  gamma=auto  kernel=sigmoid,"{""C"": 0.01, ""gamma"": ""auto"", ""kernel"": ""sigmoid""}",0.9800361761686999
MLP,"layers=(256, 1024, 1024)  act=ReLU  drop=0.4  lr=0.01","{""layers"": ""(256, 1024, 1024)"", ""act"": ""ReLU"", ""drop"": 0.4, ""lr"": 0.01}",0.9800314401784374
MLP,"layers=(1024, 1024)  act=ReLU  drop=0.0  lr=0.01","{""layers"": ""(1024, 1024)"", ""act"": ""ReLU"", ""drop"": 0.0, ""lr"": 0.01}",0.9800274535584109
MLP,"layers=(1024, 256, 512)  act=GELU  drop=0.2  lr=0.01","{""layers"": ""(1024, 256, 512)"", ""act"": ""GELU"", ""drop"": 0.2, ""lr"": 0.01}",0.9800146867966778
kNN,k=20  metric=euclidean,"{""k"": 20, ""metric"": ""euclidean""}",0.9800126736426873
MLP,"layers=(1024, 512, 256)  act=GELU  drop=0.2  lr=0.01","{""layers"": ""(1024, 512, 256)"", ""act"": ""GELU"", ""drop"": 0.2, ""lr"": 0.01}",0.9799971527105013
MLP,"layers=(512, 512)  act=ReLU  drop=0.2  lr=0.01","{""layers"": ""(512, 512)"", ""act"": ""ReLU"", ""drop"": 0.2, ""lr"": 0.01}",0.979960669795412
MLP,"layers=(1024, 512, 512)  act=GELU  drop=0.2  lr=0.01","{""layers"": ""(1024, 512, 512)"", ""act"": ""GELU"", ""drop"": 0.2, ""lr"": 0.01}",0.9799291261318603
MLP,"layers=(1024, 1024, 512)  act=ReLU  drop=0.0  lr=0.01","{""layers"": ""(1024, 1024, 512)"", ""act"": ""ReLU"", ""drop"": 0.0, ""lr"": 0.01}",0.9786903020092056
MLP,"layers=(512, 1024, 512)  act=GELU  drop=0.2  lr=0.01","{""layers"": ""(512, 1024, 512)"", ""act"": ""GELU"", ""drop"": 0.2, ""lr"": 0.01}",0.9786823646723893
kNN,k=15  metric=euclidean,"{""k"": 15, ""metric"": ""euclidean""}",0.9786476171305718
MLP,"layers=(512, 256, 256)  act=GELU  drop=0.2  lr=0.01","{""layers"": ""(512, 256, 256)"", ""act"": ""GELU"", ""drop"": 0.2, ""lr"": 0.01}",0.9786399011053416
MLP,"layers=(1024,)  act=ReLU  drop=0.4  lr=0.01","{""layers"": ""(1024,)"", ""act"": ""ReLU"", ""drop"": 0.4, ""lr"": 0.01}",0.9786197758064193
MLP,"layers=(1024, 256, 512)  act=GELU  drop=0.4  lr=0.01","{""layers"": ""(1024, 256, 512)"", ""act"": ""GELU"", ""drop"": 0.4, ""lr"": 0.01}",0.9785592099959164
MLP,"layers=(1024, 1024, 1024)  act=ReLU  drop=0.0  lr=0.01","{""layers"": ""(1024, 1024, 1024)"", ""act"": ""ReLU"", ""drop"": 0.0, ""lr"": 0.01}",0.9774399899149573
MLP,"layers=(256, 512, 256)  act=GELU  drop=0.0  lr=0.01","{""layers"": ""(256, 512, 256)"", ""act"": ""GELU"", ""drop"": 0.0, ""lr"": 0.01}",0.9774223258081679
MLP,"layers=(1024, 512, 512)  act=ReLU  drop=0.0  lr=0.01","{""layers"": ""(1024, 512, 512)"", ""act"": ""ReLU"", ""drop"": 0.0, ""lr"": 0.01}",0.9773407173961712
MLP,"layers=(512, 512, 256)  act=ReLU  drop=0.0  lr=0.01","{""layers"": ""(512, 512, 256)"", ""act"": ""ReLU"", ""drop"": 0.0, ""lr"": 0.01}",0.9773120945499075
MLP,"layers=(1024, 256, 1024)  act=GELU  drop=0.0  lr=0.01","{""layers"": ""(1024, 256, 1024)"", ""act"": ""GELU"", ""drop"": 0.0, ""lr"": 0.01}",0.9773107956947056
MLP,"layers=(1024, 1024, 1024)  act=ReLU  drop=0.2  lr=0.01","{""layers"": ""(1024, 1024, 1024)"", ""act"": ""ReLU"", ""drop"": 0.2, ""lr"": 0.01}",0.9772734022428496
SVM,C=0.1  degree=3  gamma=0.01  kernel=poly,"{""C"": 0.1, ""degree"": 3, ""gamma"": 0.01, ""kernel"": ""poly""}",0.9766665015453084
SVM,C=100  degree=3  gamma=scale  kernel=poly,"{""C"": 100, ""degree"": 3, ""gamma"": ""scale"", ""kernel"": ""poly""}",0.9766665015453084
SVM,C=100  degree=3  gamma=0.01  kernel=poly,"{""C"": 100, ""degree"": 3, ""gamma"": 0.01, ""kernel"": ""poly""}",0.9766665015453084
SVM,C=10  degree=3  gamma=scale  kernel=poly,"{""C"": 10, ""degree"": 3, ""gamma"": ""scale"", ""kernel"": ""poly""}",0.9766665015453084
SVM,C=10  degree=3  gamma=auto  kernel=poly,"{""C"": 10, ""degree"": 3, ""gamma"": ""auto"", ""kernel"": ""poly""}",0.9766665015453084
SVM,C=1  degree=3  gamma=0.01  kernel=poly,"{""C"": 1, ""degree"": 3, ""gamma"": 0.01, ""kernel"": ""poly""}",0.9766665015453084
SVM,C=0.01  degree=3  gamma=0.01  kernel=poly,"{""C"": 0.01, ""degree"": 3, ""gamma"": 0.01, ""kernel"": ""poly""}",0.9766665015453084
SVM,C=100  degree=3  gamma=auto  kernel=poly,"{""C"": 100, ""degree"": 3, ""gamma"": ""auto"", ""kernel"": ""poly""}",0.9766665015453084
SVM,C=1  degree=3  gamma=auto  kernel=poly,"{""C"": 1, ""degree"": 3, ""gamma"": ""auto"", ""kernel"": ""poly""}",0.9766665015453084
SVM,C=10  degree=3  gamma=0.01  kernel=poly,"{""C"": 10, ""degree"": 3, ""gamma"": 0.01, ""kernel"": ""poly""}",0.9766665015453084
MLP,"layers=(1024, 256, 256)  act=GELU  drop=0.2  lr=0.01","{""layers"": ""(1024, 256, 256)"", ""act"": ""GELU"", ""drop"": 0.2, ""lr"": 0.01}",0.976075707318052
MLP,"layers=(1024, 256, 256)  act=GELU  drop=0.0  lr=0.01","{""layers"": ""(1024, 256, 256)"", ""act"": ""GELU"", ""drop"": 0.0, ""lr"": 0.01}",0.9759908677570223
MLP,"layers=(1024, 256, 256)  act=ReLU  drop=0.2  lr=0.01","{""layers"": ""(1024, 256, 256)"", ""act"": ""ReLU"", ""drop"": 0.2, ""lr"": 0.01}",0.9758179070762241
SVM,C=0.01  gamma=scale  kernel=sigmoid,"{""C"": 0.01, ""gamma"": ""scale"", ""kernel"": ""sigmoid""}",0.974759856901199
SVM,C=1  degree=3  gamma=scale  kernel=poly,"{""C"": 1, ""degree"": 3, ""gamma"": ""scale"", ""kernel"": ""poly""}",0.9743540252262096
SVM,C=100  gamma=auto  kernel=sigmoid,"{""C"": 100, ""gamma"": ""auto"", ""kernel"": ""sigmoid""}",0.9732720264734949
SVM,C=0.1  degree=3  gamma=auto  kernel=poly,"{""C"": 0.1, ""degree"": 3, ""gamma"": ""auto"", ""kernel"": ""poly""}",0.9730024887835897
MLP,"layers=(256, 1024, 1024)  act=ReLU  drop=0.0  lr=0.01","{""layers"": ""(256, 1024, 1024)"", ""act"": ""ReLU"", ""drop"": 0.0, ""lr"": 0.01}",0.9720864611469601
SVM,C=0.1  gamma=scale  kernel=rbf,"{""C"": 0.1, ""gamma"": ""scale"", ""kernel"": ""rbf""}",0.9709510184950435
SVM,C=0.01  degree=4  gamma=0.01  kernel=poly,"{""C"": 0.01, ""degree"": 4, ""gamma"": 0.01, ""kernel"": ""poly""}",0.9659457253188218
SVM,C=1  degree=4  gamma=0.01  kernel=poly,"{""C"": 1, ""degree"": 4, ""gamma"": 0.01, ""kernel"": ""poly""}",0.9659457253188218
SVM,C=1  degree=4  gamma=auto  kernel=poly,"{""C"": 1, ""degree"": 4, ""gamma"": ""auto"", ""kernel"": ""poly""}",0.9659457253188218
SVM,C=10  degree=4  gamma=scale  kernel=poly,"{""C"": 10, ""degree"": 4, ""gamma"": ""scale"", ""kernel"": ""poly""}",0.9659457253188218
SVM,C=10  degree=4  gamma=0.01  kernel=poly,"{""C"": 10, ""degree"": 4, ""gamma"": 0.01, ""kernel"": ""poly""}",0.9659457253188218
SVM,C=10  degree=4  gamma=auto  kernel=poly,"{""C"": 10, ""degree"": 4, ""gamma"": ""auto"", ""kernel"": ""poly""}",0.9659457253188218
SVM,C=100  degree=4  gamma=auto  kernel=poly,"{""C"": 100, ""degree"": 4, ""gamma"": ""auto"", ""kernel"": ""poly""}",0.9659457253188218
SVM,C=100  degree=4  gamma=scale  kernel=poly,"{""C"": 100, ""degree"": 4, ""gamma"": ""scale"", ""kernel"": ""poly""}",0.9659457253188218
SVM,C=100  degree=4  gamma=0.01  kernel=poly,"{""C"": 100, ""degree"": 4, ""gamma"": 0.01, ""kernel"": ""poly""}",0.9659457253188218
SVM,C=0.1  degree=4  gamma=0.01  kernel=poly,"{""C"": 0.1, ""degree"": 4, ""gamma"": 0.01, ""kernel"": ""poly""}",0.9659457253188218
MLP,"layers=(512, 1024, 512)  act=ReLU  drop=0.0  lr=0.01","{""layers"": ""(512, 1024, 512)"", ""act"": ""ReLU"", ""drop"": 0.0, ""lr"": 0.01}",0.963705913592682
SVM,C=0.1  degree=4  gamma=auto  kernel=poly,"{""C"": 0.1, ""degree"": 4, ""gamma"": ""auto"", ""kernel"": ""poly""}",0.9621987252345113
SVM,C=1  degree=4  gamma=scale  kernel=poly,"{""C"": 1, ""degree"": 4, ""gamma"": ""scale"", ""kernel"": ""poly""}",0.957529166095179
SVM,C=0.1  degree=2  gamma=scale  kernel=poly,"{""C"": 0.1, ""degree"": 2, ""gamma"": ""scale"", ""kernel"": ""poly""}",0.9558812877172581
SVM,C=100  degree=5  gamma=0.01  kernel=poly,"{""C"": 100, ""degree"": 5, ""gamma"": 0.01, ""kernel"": ""poly""}",0.9363411169894293
SVM,C=1  degree=5  gamma=0.01  kernel=poly,"{""C"": 1, ""degree"": 5, ""gamma"": 0.01, ""kernel"": ""poly""}",0.9363411169894293
SVM,C=100  degree=5  gamma=scale  kernel=poly,"{""C"": 100, ""degree"": 5, ""gamma"": ""scale"", ""kernel"": ""poly""}",0.9363411169894293
SVM,C=0.01  degree=5  gamma=0.01  kernel=poly,"{""C"": 0.01, ""degree"": 5, ""gamma"": 0.01, ""kernel"": ""poly""}",0.9363411169894293
SVM,C=10  degree=5  gamma=0.01  kernel=poly,"{""C"": 10, ""degree"": 5, ""gamma"": 0.01, ""kernel"": ""poly""}",0.9363411169894293
SVM,C=0.1  degree=5  gamma=0.01  kernel=poly,"{""C"": 0.1, ""degree"": 5, ""gamma"": 0.01, ""kernel"": ""poly""}",0.9363411169894293
SVM,C=1  degree=5  gamma=auto  kernel=poly,"{""C"": 1, ""degree"": 5, ""gamma"": ""auto"", ""kernel"": ""poly""}",0.9363411169894293
SVM,C=10  degree=5  gamma=auto  kernel=poly,"{""C"": 10, ""degree"": 5, ""gamma"": ""auto"", ""kernel"": ""poly""}",0.9363411169894293
SVM,C=100  degree=5  gamma=auto  kernel=poly,"{""C"": 100, ""degree"": 5, ""gamma"": ""auto"", ""kernel"": ""poly""}",0.9363411169894293
SVM,C=0.1  degree=5  gamma=auto  kernel=poly,"{""C"": 0.1, ""degree"": 5, ""gamma"": ""auto"", ""kernel"": ""poly""}",0.9358161321139771
SVM,C=10  degree=5  gamma=scale  kernel=poly,"{""C"": 10, ""degree"": 5, ""gamma"": ""scale"", ""kernel"": ""poly""}",0.9352582114112423
MLP,"layers=(512, 1024, 256)  act=ReLU  drop=0.0  lr=0.01","{""layers"": ""(512, 1024, 256)"", ""act"": ""ReLU"", ""drop"": 0.0, ""lr"": 0.01}",0.9341724584029427
SVM,C=0.1  gamma=auto  kernel=rbf,"{""C"": 0.1, ""gamma"": ""auto"", ""kernel"": ""rbf""}",0.9248433977757512
SVM,C=1  degree=5  gamma=scale  kernel=poly,"{""C"": 1, ""degree"": 5, ""gamma"": ""scale"", ""kernel"": ""poly""}",0.9242033993810105
SVM,C=0.01  degree=2  gamma=auto  kernel=poly,"{""C"": 0.01, ""degree"": 2, ""gamma"": ""auto"", ""kernel"": ""poly""}",0.9196107477232104
SVM,C=0.01  gamma=scale  kernel=rbf,"{""C"": 0.01, ""gamma"": ""scale"", ""kernel"": ""rbf""}",0.9031049970327008
SVM,C=0.1  degree=3  gamma=scale  kernel=poly,"{""C"": 0.1, ""degree"": 3, ""gamma"": ""scale"", ""kernel"": ""poly""}",0.8990356428333796
SVM,C=0.01  degree=3  gamma=auto  kernel=poly,"{""C"": 0.01, ""degree"": 3, ""gamma"": ""auto"", ""kernel"": ""poly""}",0.8783816317054135
SVM,C=0.01  degree=4  gamma=auto  kernel=poly,"{""C"": 0.01, ""degree"": 4, ""gamma"": ""auto"", ""kernel"": ""poly""}",0.8539468861697501
SVM,C=0.01  degree=2  gamma=scale  kernel=poly,"{""C"": 0.01, ""degree"": 2, ""gamma"": ""scale"", ""kernel"": ""poly""}",0.838370233785918
SVM,C=0.01  degree=5  gamma=auto  kernel=poly,"{""C"": 0.01, ""degree"": 5, ""gamma"": ""auto"", ""kernel"": ""poly""}",0.8360679982858136
SVM,C=0.01  gamma=auto  kernel=rbf,"{""C"": 0.01, ""gamma"": ""auto"", ""kernel"": ""rbf""}",0.7669955851449288
SVM,C=0.1  degree=4  gamma=scale  kernel=poly,"{""C"": 0.1, ""degree"": 4, ""gamma"": ""scale"", ""kernel"": ""poly""}",0.7451799928354649
SVM,C=0.1  gamma=0.01  kernel=sigmoid,"{""C"": 0.1, ""gamma"": 0.01, ""kernel"": ""sigmoid""}",0.6772340520253394
SVM,C=0.01  degree=3  gamma=scale  kernel=poly,"{""C"": 0.01, ""degree"": 3, ""gamma"": ""scale"", ""kernel"": ""poly""}",0.6569620015912394
SVM,C=0.1  degree=5  gamma=scale  kernel=poly,"{""C"": 0.1, ""degree"": 5, ""gamma"": ""scale"", ""kernel"": ""poly""}",0.6379713795559294
SVM,C=0.01  gamma=0.01  kernel=sigmoid,"{""C"": 0.01, ""gamma"": 0.01, ""kernel"": ""sigmoid""}",0.563193172601161
SVM,C=1  gamma=0.01  kernel=sigmoid,"{""C"": 1, ""gamma"": 0.01, ""kernel"": ""sigmoid""}",0.5512917611097979
SVM,C=0.01  degree=4  gamma=scale  kernel=poly,"{""C"": 0.01, ""degree"": 4, ""gamma"": ""scale"", ""kernel"": ""poly""}",0.5374053688504309
SVM,C=100  gamma=0.01  kernel=sigmoid,"{""C"": 100, ""gamma"": 0.01, ""kernel"": ""sigmoid""}",0.510142053713675
SVM,C=10  gamma=0.01  kernel=sigmoid,"{""C"": 10, ""gamma"": 0.01, ""kernel"": ""sigmoid""}",0.509245482503047
SVM,C=0.01  degree=5  gamma=scale  kernel=poly,"{""C"": 0.01, ""degree"": 5, ""gamma"": ""scale"", ""kernel"": ""poly""}",0.4671549848091311
SVM,C=10  gamma=0.01  kernel=rbf,"{""C"": 10, ""gamma"": 0.01, ""kernel"": ""rbf""}",0.31572877595497206
SVM,C=100  gamma=0.01  kernel=rbf,"{""C"": 100, ""gamma"": 0.01, ""kernel"": ""rbf""}",0.31572877595497206
SVM,C=1  gamma=0.01  kernel=rbf,"{""C"": 1, ""gamma"": 0.01, ""kernel"": ""rbf""}",0.27529840503794345
SVM,C=0.01  gamma=0.1  kernel=rbf,"{""C"": 0.01, ""gamma"": 0.1, ""kernel"": ""rbf""}",0.11001099460890464
SVM,C=0.1  gamma=0.1  kernel=rbf,"{""C"": 0.1, ""gamma"": 0.1, ""kernel"": ""rbf""}",0.11001099460890464
SVM,C=0.01  gamma=0.01  kernel=rbf,"{""C"": 0.01, ""gamma"": 0.01, ""kernel"": ""rbf""}",0.05931826220742591
SVM,C=0.1  gamma=0.01  kernel=rbf,"{""C"": 0.1, ""gamma"": 0.01, ""kernel"": ""rbf""}",0.05931826220742591
SVM,C=100  gamma=0.1  kernel=rbf,"{""C"": 100, ""gamma"": 0.1, ""kernel"": ""rbf""}",0.04683332314911262
SVM,C=10  gamma=0.1  kernel=rbf,"{""C"": 10, ""gamma"": 0.1, ""kernel"": ""rbf""}",0.04683332314911262
SVM,C=1  gamma=0.1  kernel=rbf,"{""C"": 1, ""gamma"": 0.1, ""kernel"": ""rbf""}",0.0441791337496859
