model,mean_f1,std_f1,mean_acc,std_acc
"MLP (1024, 2048) lr=0.01 do=0.5 act=GELU",0.986348824174001,0.0016406065802406222,0.9863333333333333,0.0016666666666666496
"MLP (2048, 512) lr=0.0001 do=0.5 act=GELU",0.986329756566387,0.001039973146949702,0.9863333333333333,0.0010000000000000009
"MLP (1024, 2048) lr=0.0001 do=0.5 act=ReLU",0.9860073115480452,0.0006380632538783293,0.986,0.0006666666666667043
"MLP (1024, 2048) lr=0.0001 do=0.5 act=GELU",0.9860052927491563,0.0006360294908658304,0.986,0.0006666666666667043
"MLP (512, 2048) lr=0.0001 do=0.0 act=ReLU",0.9856818588606113,0.0009683944991897842,0.9856666666666667,0.0010000000000000009
"MLP (2048, 512) lr=0.0001 do=0.5 act=ReLU",0.9856765375011511,0.00037471652950338274,0.9856666666666667,0.00033333333333335213
"MLP (512, 2048) lr=0.0001 do=0.5 act=ReLU",0.9856753498106197,0.00035468208237837695,0.9856666666666667,0.00033333333333335213
"MLP (512, 2048) lr=0.0001 do=0.5 act=GELU",0.985669729055267,0.00036030283773114125,0.9856666666666667,0.00033333333333335213
LogReg C=1,0.985667247834153,0.0003702619920586403,0.9856666666666667,0.00033333333333335213
"MLP (1024, 2048) lr=0.0001 do=0.0 act=ReLU",0.9856639175874495,0.0003660993414249525,0.9856666666666667,0.00033333333333335213
"MLP (2048, 2048) lr=0.0001 do=0.5 act=ReLU",0.9856629722589434,0.00030573144083778647,0.9856666666666667,0.00033333333333335213
"MLP (2048, 2048) lr=0.0001 do=0.5 act=GELU",0.9856629722589434,0.00030573144083778647,0.9856666666666667,0.00033333333333335213
"MLP (1024, 512) lr=0.0001 do=0.5 act=ReLU",0.9853510243525492,0.000624795445666404,0.9853333333333334,0.0006666666666666488
"MLP (512, 1024) lr=0.01 do=0.5 act=ReLU",0.9853505544189776,0.002645263059840419,0.9853333333333334,0.0026666666666666505
"MLP (512, 512) lr=0.0001 do=0.0 act=ReLU",0.9853478851381525,0.0006396976132618248,0.9853333333333334,0.0006666666666666488
"MLP (512, 512) lr=0.0001 do=0.0 act=GELU",0.9853478666930124,0.0006396791681218539,0.9853333333333334,0.0006666666666666488
"MLP (1024, 512) lr=0.0001 do=0.5 act=GELU",0.9853473657546604,0.000621136847777648,0.9853333333333334,0.0006666666666666488
"MLP (2048,) lr=0.0001 do=0.0 act=ReLU",0.9853375626274146,2.5802598916657704e-05,0.9853333333333333,0.0
"MLP (2048, 1024) lr=0.0001 do=0.5 act=ReLU",0.9853370360785274,0.0007014102262388743,0.9853333333333334,0.0006666666666666488
"MLP (512, 512) lr=0.01 do=0.5 act=GELU",0.9853312380639166,0.0013129641713045537,0.9853333333333334,0.001333333333333353
"MLP (512, 512) lr=0.01 do=0.5 act=ReLU",0.9850232877878438,0.0010248793187740968,0.985,0.0010000000000000009
"MLP (2048,) lr=0.0001 do=0.0 act=GELU",0.9850145803899966,0.00029717963850139917,0.985,0.0003333333333332966
"MLP (512, 512) lr=0.0001 do=0.5 act=GELU",0.9850121787036669,0.0009796668544517217,0.985,0.0010000000000000009
"MLP (512, 512) lr=0.0001 do=0.5 act=ReLU",0.9850121787036669,0.0009796668544517217,0.985,0.0010000000000000009
"MLP (2048,) lr=0.0001 do=0.5 act=ReLU",0.9850097454851026,0.0009682096627549597,0.985,0.0010000000000000009
"MLP (2048, 2048) lr=0.0001 do=0.0 act=GELU",0.9850057954563575,0.0003031839006101267,0.985,0.0003333333333332966
"MLP (2048, 2048) lr=0.0001 do=0.0 act=ReLU",0.9850028495091863,0.0002972472940553361,0.985,0.0003333333333332966
"MLP (1024, 2048) lr=0.01 do=0.5 act=ReLU",0.9849972274707477,0.000977297378315034,0.985,0.0010000000000000009
"MLP (1024,) lr=0.0001 do=0.5 act=ReLU",0.9846842120506624,0.0012830329046848998,0.9846666666666666,0.001333333333333353
"MLP (512, 2048) lr=0.0001 do=0.0 act=GELU",0.9846832058928462,0.0012931783048152345,0.9846666666666666,0.001333333333333353
"MLP (512,) lr=0.0001 do=0.5 act=GELU",0.9846799949276532,0.0013022186011961145,0.9846666666666666,0.001333333333333353
"MLP (2048, 512) lr=0.0001 do=0.0 act=ReLU",0.9846707356649801,0.0007055938234028503,0.9846666666666666,0.0006666666666666488
"MLP (1024, 512) lr=0.0001 do=0.0 act=ReLU",0.9846689320540079,3.603718253308852e-05,0.9846666666666667,0.0
LogReg C=10,0.9846677124028385,4.69013525778994e-05,0.9846666666666667,0.0
"MLP (1024, 1024) lr=0.0001 do=0.5 act=ReLU",0.9846675127310469,0.0006376574540855051,0.9846666666666666,0.0006666666666666488
"MLP (2048, 1024) lr=0.0001 do=0.0 act=ReLU",0.9846612944063029,0.0007043154385554807,0.9846666666666666,0.0006666666666666488
"MLP (512,) lr=0.0001 do=0.0 act=GELU",0.9843572295090097,0.0009583023890490927,0.9843333333333333,0.0010000000000000009
"MLP (512,) lr=0.0001 do=0.0 act=ReLU",0.9843572295090097,0.0009583023890490927,0.9843333333333333,0.0010000000000000009
"MLP (512,) lr=0.0001 do=0.5 act=ReLU",0.9843531677523301,0.0016140772030172057,0.9843333333333333,0.0016666666666666496
"MLP (1024,) lr=0.0001 do=0.5 act=GELU",0.9843530788889424,0.0009518997429649456,0.9843333333333333,0.0010000000000000009
"MLP (2048,) lr=0.0001 do=0.5 act=GELU",0.9843514855511077,0.0009597879659592468,0.9843333333333333,0.0010000000000000009
"MLP (2048, 1024) lr=0.0001 do=0.0 act=GELU",0.984343444848143,0.00037279252422955933,0.9843333333333333,0.00033333333333335213
LogReg C=0.001,0.9843373959348399,0.001633554382593383,0.9843333333333333,0.0016666666666666496
"MLP (2048, 512) lr=0.0001 do=0.0 act=GELU",0.9843353795104159,0.00037023766883870213,0.9843333333333333,0.00033333333333335213
LogReg C=100,0.9843325789670653,0.00028000555501905833,0.9843333333333333,0.00033333333333335213
"MLP (1024, 512) lr=0.0001 do=0.0 act=GELU",0.9843295724625074,0.00037539677403347627,0.9843333333333333,0.00033333333333335213
"MLP (1024, 2048) lr=0.0001 do=0.0 act=GELU",0.9843291115798931,0.0002875757575455662,0.9843333333333333,0.00033333333333335213
"MLP (1024, 1024) lr=0.01 do=0.5 act=ReLU",0.9840471583194678,2.2027031289173493e-05,0.984,0.0
LogReg C=0.1,0.9840118930205584,0.0007030599173444285,0.984,0.0006666666666667043
"MLP (1024, 1024) lr=0.0001 do=0.0 act=ReLU",0.9840053499151049,3.865016298959523e-05,0.984,0.0
"MLP (1024, 1024) lr=0.0001 do=0.0 act=GELU",0.9840031805831944,0.0006205069711781586,0.984,0.0006666666666667043
"MLP (2048, 1024) lr=0.01 do=0.5 act=GELU",0.9839986169057335,0.0006873648705862379,0.984,0.0006666666666667043
SVM C=1  gamma=auto  kernel=rbf,0.9836975404740098,0.00030310632638602675,0.9836666666666667,0.00033333333333335213
SVM C=100  gamma=auto  kernel=rbf,0.9836939963691135,0.00030581417803365873,0.9836666666666667,0.00033333333333335213
SVM C=10  gamma=auto  kernel=rbf,0.9836939963691135,0.00030581417803365873,0.9836666666666667,0.00033333333333335213
"MLP (512, 1024) lr=0.0001 do=0.0 act=ReLU",0.9836909185767226,0.0002897394307450063,0.9836666666666667,0.00033333333333335213
"MLP (1024,) lr=0.0001 do=0.0 act=ReLU",0.9836838205928392,0.0009448488047212322,0.9836666666666667,0.0010000000000000009
"MLP (1024,) lr=0.0001 do=0.0 act=GELU",0.9836838205928392,0.0009448488047212322,0.9836666666666667,0.0010000000000000009
"MLP (512, 1024) lr=0.0001 do=0.5 act=GELU",0.9836760978228425,0.001641929924863672,0.9836666666666667,0.0016666666666666496
"MLP (2048, 1024) lr=0.0001 do=0.5 act=GELU",0.9836757017460388,0.00028999890542869,0.9836666666666667,0.00033333333333335213
"MLP (1024, 1024) lr=0.0001 do=0.5 act=GELU",0.9836729143469787,0.0009559097135265482,0.9836666666666667,0.0010000000000000009
LogReg C=0.01,0.9836718124485984,0.0002947628275939418,0.9836666666666667,0.00033333333333335213
"MLP (512, 1024) lr=0.0001 do=0.5 act=ReLU",0.9836709704505242,0.0009739058683203572,0.9836666666666667,0.0010000000000000009
SVM C=100  gamma=scale  kernel=rbf,0.9833754151103842,0.0006216197453161043,0.9833333333333334,0.0006666666666666488
SVM C=10  gamma=scale  kernel=rbf,0.9833754151103842,0.0006216197453161043,0.9833333333333334,0.0006666666666666488
"MLP (512, 1024) lr=0.0001 do=0.0 act=GELU",0.9833416356422875,3.72900781648311e-05,0.9833333333333333,0.0
"MLP (2048, 2048) lr=0.01 do=0.0 act=GELU",0.9833381778002024,0.000638555384529782,0.9833333333333334,0.0006666666666666488
"MLP (1024, 512) lr=0.01 do=0.0 act=GELU",0.9833261957278883,0.0019740076856408217,0.9833333333333333,0.0020000000000000018
SVM C=1  gamma=scale  kernel=rbf,0.9830522673457772,0.0009447675099230057,0.983,0.0010000000000000009
SVM C=10  kernel=linear,0.9830197985851863,0.0009605268634558795,0.983,0.0010000000000000009
SVM C=1  kernel=linear,0.9830197985851863,0.0009605268634558795,0.983,0.0010000000000000009
SVM C=100  kernel=linear,0.9830197985851863,0.0009605268634558795,0.983,0.0010000000000000009
SVM C=0.1  kernel=linear,0.9830197985851863,0.0009605268634558795,0.983,0.0010000000000000009
SVM C=0.01  kernel=linear,0.9830197985851863,0.0009605268634558795,0.983,0.0010000000000000009
"MLP (2048, 512) lr=0.01 do=0.5 act=GELU",0.9830050590623411,0.00030853290633497954,0.983,0.0003333333333332966
"MLP (512, 1024) lr=0.01 do=0.5 act=GELU",0.9829959944352906,0.000980934431882019,0.983,0.0010000000000000009
"MLP (512, 2048) lr=0.01 do=0.0 act=GELU",0.9829877890593619,0.0010106915921495596,0.983,0.0010000000000000009
"MLP (2048, 512) lr=0.01 do=0.5 act=ReLU",0.9829750035935972,0.0003606929946551318,0.983,0.0003333333333332966
"MLP (512, 2048) lr=0.01 do=0.5 act=ReLU",0.9826940769726342,0.0026133933868684456,0.9826666666666666,0.0026666666666666505
"MLP (1024,) lr=0.01 do=0.5 act=GELU",0.9826789979973646,0.0006623143988536695,0.9826666666666666,0.0006666666666666488
kNN k=15 cosine,0.9823698813705274,0.00029254503375519825,0.9823333333333333,0.00033333333333335213
"MLP (1024,) lr=0.01 do=0.5 act=ReLU",0.9823280058302319,0.00034613943171607486,0.9823333333333333,0.00033333333333335213
"MLP (512, 2048) lr=0.01 do=0.5 act=GELU",0.981994654433701,0.0019729220738333164,0.982,0.0020000000000000018
"MLP (512,) lr=0.01 do=0.5 act=ReLU",0.9819931954929322,0.0007085645076373437,0.982,0.0006666666666667043
"MLP (1024,) lr=0.01 do=0.0 act=ReLU",0.9819886463006382,0.0033140907631759586,0.982,0.0033333333333332993
"MLP (2048, 2048) lr=0.01 do=0.5 act=ReLU",0.9819776327708589,0.0026278204777586134,0.982,0.002666666666666706
"MLP (1024, 2048) lr=0.01 do=0.0 act=GELU",0.9817438323972324,0.005607458085904793,0.9816666666666667,0.005666666666666653
"MLP (1024, 512) lr=0.01 do=0.5 act=ReLU",0.9817076044552573,0.0023013536195295448,0.9816666666666667,0.002333333333333354
"MLP (512,) lr=0.01 do=0.0 act=ReLU",0.9816956311014196,0.0022642545947530457,0.9816666666666667,0.002333333333333354
"MLP (1024, 512) lr=0.01 do=0.5 act=GELU",0.9816930951067528,0.0009268240243036074,0.9816666666666667,0.0010000000000000009
kNN k=5 cosine,0.9816798151894858,0.00026624170962274984,0.9816666666666667,0.00033333333333335213
kNN k=20 cosine,0.9813554592261665,2.8700057775776777e-05,0.9813333333333333,0.0
"MLP (512, 1024) lr=0.01 do=0.0 act=GELU",0.9813062687365491,0.0006906988827540816,0.9813333333333334,0.0006666666666666488
"MLP (2048, 512) lr=0.01 do=0.0 act=ReLU",0.9810766585097168,0.00024744824632122464,0.981,0.0003333333333332966
"MLP (2048, 1024) lr=0.01 do=0.0 act=GELU",0.9810342269396635,0.00036617679705264194,0.981,0.0003333333333332966
"MLP (2048,) lr=0.01 do=0.0 act=GELU",0.981022063725656,0.0029511218393765137,0.981,0.0030000000000000027
"MLP (512,) lr=0.01 do=0.5 act=GELU",0.9809790385426678,0.0017194337284404115,0.981,0.0016666666666667052
"MLP (1024, 1024) lr=0.01 do=0.5 act=GELU",0.9809568823527284,0.0009611464300183226,0.981,0.0010000000000000009
"MLP (2048, 2048) lr=0.01 do=0.0 act=ReLU",0.9807111186640356,0.0006753418078430107,0.9806666666666666,0.0006666666666666488
"MLP (1024, 512) lr=0.01 do=0.0 act=ReLU",0.9803702401687089,0.0003784188996279747,0.9803333333333333,0.00033333333333335213
"MLP (2048, 512) lr=0.01 do=0.0 act=GELU",0.9803528973210519,0.00034544500255206945,0.9803333333333333,0.00033333333333335213
kNN k=10 cosine,0.9800284417981457,0.000614937587474218,0.98,0.0006666666666667043
"MLP (1024, 1024) lr=0.01 do=0.0 act=ReLU",0.9800142289327842,6.172280888755433e-05,0.98,0.0
kNN k=5 euclidean,0.9799896116473346,5.591569851975953e-05,0.98,0.0
"MLP (2048, 1024) lr=0.01 do=0.5 act=ReLU",0.9797400368734195,0.002232865957363217,0.9796666666666667,0.0023333333333332984
"MLP (512, 512) lr=0.01 do=0.0 act=ReLU",0.9797296772062939,0.0003545865773777468,0.9796666666666667,0.00033333333333335213
"MLP (2048, 2048) lr=0.01 do=0.5 act=GELU",0.9794129709623125,0.0005760475144936383,0.9793333333333334,0.0006666666666666488
"MLP (1024, 1024) lr=0.01 do=0.0 act=GELU",0.9794038368801522,0.0026400171866040045,0.9793333333333334,0.0026666666666666505
SVM C=0.1  gamma=auto  kernel=rbf,0.9793878917078613,0.0012795902093674094,0.9793333333333334,0.001333333333333353
"MLP (512,) lr=0.01 do=0.0 act=GELU",0.9793609059482951,0.0026058009579799646,0.9793333333333334,0.0026666666666666505
"MLP (512, 2048) lr=0.01 do=0.0 act=ReLU",0.9790163141755115,0.0023224641655495426,0.979,0.0023333333333332984
"MLP (512, 512) lr=0.01 do=0.0 act=GELU",0.9790142601553753,0.00227558893514318,0.979,0.0023333333333332984
"MLP (512, 1024) lr=0.01 do=0.0 act=ReLU",0.978393812374361,0.0029419317278713275,0.9783333333333333,0.002999999999999947
"MLP (2048,) lr=0.01 do=0.5 act=GELU",0.9783866180086309,0.0003047626797381686,0.9783333333333333,0.00033333333333335213
SVM C=0.1  gamma=scale  kernel=rbf,0.9780444587241581,0.0019392276421995036,0.978,0.0020000000000000018
kNN k=10 euclidean,0.9776591125209908,0.00037872999165011745,0.9776666666666667,0.0003333333333332966
"MLP (1024,) lr=0.01 do=0.0 act=GELU",0.977651767942311,0.0023807371884652095,0.9776666666666667,0.0023333333333332984
"MLP (2048, 1024) lr=0.01 do=0.0 act=ReLU",0.9769201390591831,0.0037645174557193184,0.9770000000000001,0.0036666666666666514
"MLP (2048,) lr=0.01 do=0.5 act=ReLU",0.9767118238136998,0.0006440172072521011,0.9766666666666667,0.0006666666666667043
"MLP (1024, 2048) lr=0.01 do=0.0 act=ReLU",0.9764463381436415,0.0016738580462711261,0.9763333333333333,0.0016666666666666496
kNN k=15 euclidean,0.9763563638186781,0.0016571303190768272,0.9763333333333333,0.0016666666666666496
kNN k=20 euclidean,0.9756952928228023,0.002330203476466841,0.9756666666666667,0.0023333333333332984
"MLP (2048,) lr=0.01 do=0.0 act=ReLU",0.9753670305840745,0.0008179481833892055,0.9753333333333334,0.0006666666666666488
SVM C=0.01  gamma=scale  kernel=rbf,0.9744042983285954,0.0009811028241559216,0.9743333333333334,0.0010000000000000009
SVM C=0.01  gamma=auto  kernel=rbf,0.9741908985220907,0.0026177702081613408,0.974,0.0026666666666666505
